"Id","Path","Slice Name","Alias(s)","Label","Min","Max","Must Support?","Is Modifier?","Is Summary?","Type(s)","Short","Definition","Comments","Requirements","Default Value","Meaning When Missing","Fixed Value","Pattern","Example","Minimum Value","Maximum Value","Maximum Length","Binding Strength","Binding Description","Binding Value Set","Code","Slicing Discriminator","Slicing Description","Slicing Ordered","Slicing Rules","Base Path","Base Min","Base Max","Condition(s)","Constraint(s)","Mapping: zib NutritionAdvice-v3.2(2020EN)","Mapping: Workflow Pattern","Mapping: HL7 v2 Mapping","Mapping: RIM Mapping","Mapping: FiveWs Pattern Mapping"
"NutritionOrder","NutritionOrder","","Nutrition Order
Diet OrderDietNutritional SupplementEnteral NutritionVoedingsadviesnl-core-NutritionAdvice","",0,*,"","","","null {[]} {[]}
","NutritionAdvice","A request to supply a diet, formula feeding (enteral) or oral nutritional supplement to a patient/resident.","Referenced by an Order Request (workflow).","","","","","","","","",,,,,"",,,,"NutritionOrder",0,*,"","dom-2:If the resource is contained in another resource, it SHALL NOT contain nested Resources {contained.contained.empty()}
dom-3:If the resource is contained in another resource, it SHALL be referred to from elsewhere in the resource or SHALL refer to the containing resource {contained.where((('#'+id in (%resource.descendants().reference | %resource.descendants().as(canonical) | %resource.descendants().as(uri) | %resource.descendants().as(url))) or descendants().where(reference = '#').exists() or descendants().where(as(canonical) = '#').exists() or descendants().where(as(canonical) = '#').exists()).not()).trace('unmatched', id).empty()}dom-4:If a resource is contained in another resource, it SHALL NOT have a meta.versionId or a meta.lastUpdated {contained.meta.versionId.empty() and contained.meta.lastUpdated.empty()}dom-5:If a resource is contained in another resource, it SHALL NOT have a security label {contained.meta.security.empty()}dom-6:A resource should have narrative for robust management {text.`div`.exists()}nor-1:Nutrition Order SHALL contain either Oral Diet , Supplement, or Enteral Formula class {oralDiet.exists() or supplement.exists() or enteralFormula.exists()}","NL-CM:7.11.1","Request","ORC / ODS","Entity. Role, or Act","SupplyRequest"
"NutritionOrder.id","NutritionOrder.id","","","",0,1,"","","Y","id {[]} {[]}
","Logical id of this artifact","The logical id of the resource, as used in the URL for the resource. Once assigned, this value never changes.","The only time that a resource does not have an id is when it is being submitted to the server using a create operation.","","","","","","","","",,,,,"",,,,"Resource.id",0,1,"",""
"NutritionOrder.meta","NutritionOrder.meta","","","",0,1,"","","Y","Meta {[]} {[]}
","Metadata about the resource","The metadata about the resource. This is content that is maintained by the infrastructure. Changes to the content might not always be associated with version changes to the resource.","","","","","","","","","",,,,,"",,,,"Resource.meta",0,1,"","ele-1:All FHIR elements must have a @value or children {hasValue() or (children().count() > id.count())}
"
"NutritionOrder.implicitRules","NutritionOrder.implicitRules","","","",0,1,"","Y","Y","uri {[]} {[]}
","A set of rules under which this content was created","A reference to a set of rules that were followed when the resource was constructed, and which must be understood when processing the content. Often, this is a reference to an implementation guide that defines the special rules along with other profiles etc.","Asserting this rule set restricts the content to be only understood by a limited set of trading partners. This inherently limits the usefulness of the data in the long term. However, the existing health eco-system is highly fractured, and not yet ready to define, collect, and exchange data in a generally computable sense. Wherever possible, implementers and/or specification writers should avoid using this element. Often, when used, the URL is a reference to an implementation guide that defines these special rules as part of it's narrative along with other profiles, value sets, etc.","","","","","","","","",,,,,"",,,,"Resource.implicitRules",0,1,"","ele-1:All FHIR elements must have a @value or children {hasValue() or (children().count() > id.count())}
"
"NutritionOrder.language","NutritionOrder.language","","","",0,1,"","","","code {[]} {[]}
","Language of the resource content","The base language in which the resource is written.","Language is provided to support indexing and accessibility (typically, services such as text to speech use the language tag). The html language tag in the narrative applies  to the narrative. The language tag on the resource may be used to specify the language of other presentations generated from the data in the resource. Not all the content has to be in the base language. The Resource.language should not be assumed to apply to the narrative automatically. If a language is specified, it should it also be specified on the div element in the html (see rules in HTML5 for information about the relationship between xml:lang and the html lang attribute).","","","","","","","","",,"preferred","A human language.","http://hl7.org/fhir/ValueSet/languages","",,,,"Resource.language",0,1,"","ele-1:All FHIR elements must have a @value or children {hasValue() or (children().count() > id.count())}
"
"NutritionOrder.text","NutritionOrder.text","","narrative
htmlxhtmldisplay","",0,1,"","","","Narrative {[]} {[]}
","Text summary of the resource, for human interpretation","A human-readable narrative that contains a summary of the resource and can be used to represent the content of the resource to a human. The narrative need not encode all the structured data, but is required to contain sufficient detail to make it ""clinically safe"" for a human to just read the narrative. Resource definitions may define what content should be represented in the narrative to ensure clinical safety.","Contained resources do not have narrative. Resources that are not contained SHOULD have a narrative. In some cases, a resource may only have text with little or no additional discrete data (as long as all minOccurs=1 elements are satisfied).  This may be necessary for data from legacy systems where information is captured as a ""text blob"" or where text is additionally entered raw or narrated and encoded information is added later.","","","","","","","","",,,,,"",,,,"DomainResource.text",0,1,"","ele-1:All FHIR elements must have a @value or children {hasValue() or (children().count() > id.count())}
","Act.text?"
"NutritionOrder.contained","NutritionOrder.contained","","inline resources
anonymous resourcescontained resources","",0,*,"","","","Resource {[]} {[]}
","Contained, inline Resources","These resources do not have an independent existence apart from the resource that contains them - they cannot be identified independently, and nor can they have their own independent transaction scope.","This should never be done when the content can be identified properly, as once identification is lost, it is extremely difficult (and context dependent) to restore it again. Contained resources may have profiles and tags In their meta elements, but SHALL NOT have security labels.","","","","","","","","",,,,,"",,,,"DomainResource.contained",0,*,"","","N/A"
"NutritionOrder.extension","NutritionOrder.extension","","","",0,*,"","","","Extension {[]} {[]}
","Extension","An Extension","","","","","","","","","",,,,,"","value:url}
","",,"open","DomainResource.extension",0,*,"","ele-1:All FHIR elements must have a @value or children {hasValue() or (children().count() > id.count())}
ext-1:Must have either extensions or value[x], not both {extension.exists() != value.exists()}"
"NutritionOrder.extension:indication","NutritionOrder.extension","indication","","",0,1,"","","","Extension {[CanonicalType[http://hl7.org/fhir/StructureDefinition/workflow-reasonReference]]} {[]}
","Why was event performed?","Indicates another resource whose existence justifies this event.","","","","","","","","","",,,,,"",,,,"DomainResource.extension",0,*,"ele-1
","ele-1:All FHIR elements must have a @value or children {hasValue() or (children().count() > id.count())}
ext-1:Must have either extensions or value[x], not both {extension.exists() != value.exists()}","Event.reasonReference","EVN.4 or by domain",".outboundRelationship[typeCode=RSON].target"
"NutritionOrder.extension:indication.id","NutritionOrder.extension.id","","","",0,1,"","","","string {[]} {[]}
","Unique id for inter-element referencing","Unique id for the element within a resource (for internal references). This may be any string value that does not contain spaces.","","","","","","","","","",,,,,"",,,,"Element.id",0,1,"","","n/a"
"NutritionOrder.extension:indication.extension","NutritionOrder.extension.extension","","","",0,0,"","","","Extension {[]} {[]}
","Extension","An Extension","","","","","","","","","",,,,,"","value:url}
","Extensions are always sliced by (at least) url",,"open","Element.extension",0,*,"","ele-1:All FHIR elements must have a @value or children {hasValue() or (children().count() > id.count())}
ext-1:Must have either extensions or value[x], not both {extension.exists() != value.exists()}"
"NutritionOrder.extension:indication.url","NutritionOrder.extension.url","","","",1,1,"","","","uri {[]} {[]}
","identifies the meaning of the extension","Source of the definition for the extension code - a logical name or a URL.","The definition may point directly to a computable or human-readable definition of the extensibility codes, or it may be a logical URI as declared in some other specification. The definition SHALL be a URI for the Structure Definition defining the extension.","","","","<valueUri xmlns=""http://hl7.org/fhir"" value=""http://hl7.org/fhir/StructureDefinition/workflow-reasonReference""/>","","","","",,,,,"",,,,"Extension.url",1,1,"","","N/A"
"NutritionOrder.extension:indication.value[x]","NutritionOrder.extension.value[x]","","Indicatie
","",1,1,"","","","Reference {[]} {[CanonicalType[http://hl7.org/fhir/StructureDefinition/Condition], CanonicalType[http://hl7.org/fhir/StructureDefinition/DiagnosticReport], CanonicalType[http://hl7.org/fhir/StructureDefinition/DocumentReference], CanonicalType[http://hl7.org/fhir/StructureDefinition/Observation], CanonicalType[http://hl7.org/fhir/StructureDefinition/Media], CanonicalType[http://nictiz.nl/fhir/StructureDefinition/nl-core-Problem]]}
","Indication","The indication is the reason for advising the diet.","","","","","","","","","",,,,,"",,,,"Extension.value[x]",0,1,"","ele-1:All FHIR elements must have a @value or children {hasValue() or (children().count() > id.count())}
","NL-CM:7.11.5","N/A"
"NutritionOrder.modifierExtension","NutritionOrder.modifierExtension","","extensions
user content","",0,*,"","Y","","Extension {[]} {[]}
","Extensions that cannot be ignored","May be used to represent additional information that is not part of the basic definition of the resource and that modifies the understanding of the element that contains it and/or the understanding of the containing element's descendants. Usually modifier elements provide negation or qualification. To make the use of extensions safe and manageable, there is a strict set of governance applied to the definition and use of extensions. Though any implementer is allowed to define an extension, there is a set of requirements that SHALL be met as part of the definition of the extension. Applications processing a resource are required to check for modifier extensions.

Modifier extensions SHALL NOT change the meaning of any elements on Resource or DomainResource (including cannot change the meaning of modifierExtension itself).","There can be no stigma associated with the use of extensions by any application, project, or standard - regardless of the institution or jurisdiction that uses or defines the extensions.  The use of extensions is what allows the FHIR specification to retain a core level of simplicity for everyone.","Modifier extensions allow for extensions that *cannot* be safely ignored to be clearly distinguished from the vast majority of extensions which can be safely ignored.  This promotes interoperability by eliminating the need for implementers to prohibit the presence of extensions. For further information, see the [definition of modifier extensions](http://hl7.org/fhir/R4/extensibility.html#modifierExtension).","","","","","","","",,,,,"",,,,"DomainResource.modifierExtension",0,*,"","ele-1:All FHIR elements must have a @value or children {hasValue() or (children().count() > id.count())}
ext-1:Must have either extensions or value[x], not both {extension.exists() != value.exists()}","N/A"
"NutritionOrder.identifier","NutritionOrder.identifier","","","",0,*,"","","","Identifier {[]} {[]}
","Identifiers assigned to this order","Identifiers assigned to this order by the order sender or by the order receiver.","The Identifier.type element can be to indicate filler vs. placer if needed.  This is explained in further detail [here](http://hl7.org/fhir/R4/servicerequest.html#notes).","","","","","","","","",,,,,"",,,,"NutritionOrder.identifier",0,*,"","ele-1:All FHIR elements must have a @value or children {hasValue() or (children().count() > id.count())}
","Request.identifier","ORC-2/ORC-3",".id","FiveWs.identifier"
"NutritionOrder.instantiatesCanonical","NutritionOrder.instantiatesCanonical","","","",0,*,"","","Y","canonical {[]} {[CanonicalType[http://hl7.org/fhir/StructureDefinition/ActivityDefinition], CanonicalType[http://hl7.org/fhir/StructureDefinition/PlanDefinition]]}
","Instantiates FHIR protocol or definition","The URL pointing to a FHIR-defined protocol, guideline, orderset or other definition that is adhered to in whole or in part by this NutritionOrder.","Note: This is a business identifier, not a resource identifier (see [discussion](http://hl7.org/fhir/R4/resource.html#identifiers)).  It is best practice for the identifier to only appear on a single resource instance, however business practices may occasionally dictate that multiple resource instances with the same identifier can exist - possibly even with different resource types.  For example, multiple Patient and a Person resource instance might share the same social insurance number.","","","","","","","","",,,,,"",,,,"NutritionOrder.instantiatesCanonical",0,*,"","ele-1:All FHIR elements must have a @value or children {hasValue() or (children().count() > id.count())}
","Request.instantiatesCanonical","Varies by domain",".outboundRelationship[typeCode=DEFN].target"
"NutritionOrder.instantiatesUri","NutritionOrder.instantiatesUri","","","",0,*,"","","Y","uri {[]} {[]}
","Instantiates external protocol or definition","The URL pointing to an externally maintained protocol, guideline, orderset or other definition that is adhered to in whole or in part by this NutritionOrder.","This might be an HTML page, PDF, etc. or could just be a non-resolvable URI identifier.","","","","","","","","",,,,,"",,,,"NutritionOrder.instantiatesUri",0,*,"","ele-1:All FHIR elements must have a @value or children {hasValue() or (children().count() > id.count())}
","Request.instantiatesUri","Varies by domain",".outboundRelationship[typeCode=DEFN].target"
"NutritionOrder.instantiates","NutritionOrder.instantiates","","","",0,*,"","","","uri {[]} {[]}
","Instantiates protocol or definition","The URL pointing to a protocol, guideline, orderset or other definition that is adhered to in whole or in part by this NutritionOrder.","","","","","","","","","",,,,,"",,,,"NutritionOrder.instantiates",0,*,"","ele-1:All FHIR elements must have a @value or children {hasValue() or (children().count() > id.count())}
","Request.instantiates","Varies by domain",".outboundRelationship[typeCode=DEFN].target"
"NutritionOrder.status","NutritionOrder.status","","","",1,1,"","Y","Y","code {[]} {[]}
","draft | active | on-hold | revoked | completed | entered-in-error | unknown","The workflow status of the nutrition order/request.","Typically the system placing the order sets the status to ""requested"". Thereafter, the order is maintained by the receiver that updates the status as the request is handled.  This element is labeled as a modifier because the status contains codes that mark the resource as not currently valid.","","","","","","","","",,"required","Codes identifying the lifecycle stage of the nutrition order.","http://hl7.org/fhir/ValueSet/request-status|4.0.1","",,,,"NutritionOrder.status",1,1,"","ele-1:All FHIR elements must have a @value or children {hasValue() or (children().count() > id.count())}
","Request.status","ORC-1",".statusCode","FiveWs.status"
"NutritionOrder.intent","NutritionOrder.intent","","category
","",1,1,"","Y","Y","code {[]} {[]}
","proposal | plan | directive | order | original-order | reflex-order | filler-order | instance-order | option","Indicates the level of authority/intentionality associated with the NutrionOrder and where the request fits into the workflow chain.","No zib concept can be mapped to `intent`. Unless `intent` is explicitly recorded it may be assumed that a NutritionAdvice represents an _order_.","Proposals/recommendations, plans and orders all use the same structure and can exist in the same fulfillment chain.","","","","","","","",,"required","Codes indicating the degree of authority/intentionality associated with a nutrition order.","http://hl7.org/fhir/ValueSet/request-intent|4.0.1","",,,,"NutritionOrder.intent",1,1,"","ele-1:All FHIR elements must have a @value or children {hasValue() or (children().count() > id.count())}
","Request.intent","N/A",".moodCode (nuances beyond PRP/PLAN/RQO would need to be elsewhere)","FiveWs.class"
"NutritionOrder.patient","NutritionOrder.patient","","","",1,1,"","","Y","Reference {[]} {[CanonicalType[http://hl7.org/fhir/StructureDefinition/Patient], CanonicalType[http://nictiz.nl/fhir/StructureDefinition/nl-core-Patient]]}
","The person who requires the diet, formula or nutritional supplement","The person (patient) who needs the nutrition order for an oral diet, nutritional supplement and/or enteral or formula feeding.","","","","","","","","","",,,,,"",,,,"NutritionOrder.patient",1,1,"","ele-1:All FHIR elements must have a @value or children {hasValue() or (children().count() > id.count())}
","Request.subject","PID",".participation[typeCode=SBJ].role","FiveWs.subject[x]","FiveWs.subject"
"NutritionOrder.encounter","NutritionOrder.encounter","","","",0,1,"","","","Reference {[]} {[CanonicalType[http://hl7.org/fhir/StructureDefinition/Encounter]]}
","The encounter associated with this nutrition order","An encounter that provides additional information about the healthcare context in which this request is made.","","","","","","","","","",,,,,"",,,,"NutritionOrder.encounter",0,1,"","ele-1:All FHIR elements must have a @value or children {hasValue() or (children().count() > id.count())}
","Request.encounter","PV1",".inboundRelationship[typeCode=COMP].source[classCode=ENC, moodCode=EVN]","FiveWs.context"
"NutritionOrder.dateTime","NutritionOrder.dateTime","","","",1,1,"","","Y","dateTime {[]} {[]}
","Date and time the nutrition order was requested","The date and time that this nutrition order was requested.","","","","","","","","","",,,,,"",,,,"NutritionOrder.dateTime",1,1,"","ele-1:All FHIR elements must have a @value or children {hasValue() or (children().count() > id.count())}
","Request.authoredOn","ORC-9","author.time","FiveWs.recorded"
"NutritionOrder.orderer","NutritionOrder.orderer","","","",0,1,"","","Y","Reference {[]} {[CanonicalType[http://hl7.org/fhir/StructureDefinition/Practitioner], CanonicalType[http://hl7.org/fhir/StructureDefinition/PractitionerRole]]}
","Who ordered the diet, formula or nutritional supplement","The practitioner that holds legal responsibility for ordering the diet, nutritional supplement, or formula feedings.","","","","","","","","","",,,,,"",,,,"NutritionOrder.orderer",0,1,"","ele-1:All FHIR elements must have a @value or children {hasValue() or (children().count() > id.count())}
","Request.requester","ORC-12",".participation[typeCode=AUT].role","FiveWs.author"
"NutritionOrder.allergyIntolerance","NutritionOrder.allergyIntolerance","","","",0,*,"","","","Reference {[]} {[CanonicalType[http://hl7.org/fhir/StructureDefinition/AllergyIntolerance]]}
","List of the patient's food and nutrition-related allergies and intolerances","A link to a record of allergies or intolerances  which should be included in the nutrition order.","Information on a patient's food allergies and intolerances to inform healthcare personnel about the type of foods that the patient shouldn't receive or consume.","","","","","","","","",,,,,"",,,,"NutritionOrder.allergyIntolerance",0,*,"","ele-1:All FHIR elements must have a @value or children {hasValue() or (children().count() > id.count())}
",".outboundRelationship[typeCode=RSON].target[classCode=OBS, moodCode=EVN]"
"NutritionOrder.foodPreferenceModifier","NutritionOrder.foodPreferenceModifier","","","",0,*,"","","","CodeableConcept {[]} {[]}
","Order-specific modifier about the type of food that should be given","This modifier is used to convey order-specific modifiers about the type of food that should be given. These can be derived from patient allergies, intolerances, or preferences such as Halal, Vegan or Kosher. This modifier applies to the entire nutrition order inclusive of the oral diet, nutritional supplements and enteral formula feedings.","Information on a patient's food preferences that inform healthcare personnel about the food that the patient should receive or consume.","","","","","","","","",,"example","Medical, cultural or ethical food preferences to help with catering requirements.","http://hl7.org/fhir/ValueSet/encounter-diet","",,,,"NutritionOrder.foodPreferenceModifier",0,*,"","ele-1:All FHIR elements must have a @value or children {hasValue() or (children().count() > id.count())}
","ODS-1 Value = ""P"",ODS-3",".outboundRelationship [typeCode =COMP], target [classCode=PROC, moodCode=EVN, code=NutritionModificationType]"
"NutritionOrder.excludeFoodModifier","NutritionOrder.excludeFoodModifier","","","",0,*,"","","","CodeableConcept {[]} {[]}
","Order-specific modifier about the type of food that should not be given","This modifier is used to convey Order-specific modifier about the type of oral food or oral fluids that should not be given. These can be derived from patient allergies, intolerances, or preferences such as No Red Meat, No Soy or No Wheat or  Gluten-Free.  While it should not be necessary to repeat allergy or intolerance information captured in the referenced AllergyIntolerance resource in the excludeFoodModifier, this element may be used to convey additional specificity related to foods that should be eliminated from the patientâ€™s diet for any reason.  This modifier applies to the entire nutrition order inclusive of the oral diet, nutritional supplements and enteral formula feedings.","Information on a patient's food allergies, intolerances and preferences to inform healthcare personnel about the type  of foods that the patient shouldn't receive or consume.","","","","","","","","",,"example","Codes used to indicate the type of food that should NOT be given to the patient.","http://hl7.org/fhir/ValueSet/food-type","",,,,"NutritionOrder.excludeFoodModifier",0,*,"","ele-1:All FHIR elements must have a @value or children {hasValue() or (children().count() > id.count())}
","N/A"
"NutritionOrder.oralDiet","NutritionOrder.oralDiet","","","",0,1,"","","","BackboneElement {[]} {[]}
","Oral diet components","Diet given orally in contrast to enteral (tube) feeding.","","","","","","","","","",,,,,"",,,,"NutritionOrder.oralDiet",0,1,"nor-1
","ele-1:All FHIR elements must have a @value or children {hasValue() or (children().count() > id.count())}
","ODS-1 Value = ""D""","oralDiet .outboundRelationship [typeCode =COMP], target [classCode=SPLY, moodCode=RQO, code=OralDietSupplyType]"
"NutritionOrder.oralDiet.id","NutritionOrder.oralDiet.id","","","",0,1,"","","","string {[]} {[]}
","Unique id for inter-element referencing","Unique id for the element within a resource (for internal references). This may be any string value that does not contain spaces.","","","","","","","","","",,,,,"",,,,"Element.id",0,1,"","","n/a"
"NutritionOrder.oralDiet.extension","NutritionOrder.oralDiet.extension","","extensions
user content","",0,*,"","","","Extension {[]} {[]}
","Additional content defined by implementations","May be used to represent additional information that is not part of the basic definition of the element. To make the use of extensions safe and manageable, there is a strict set of governance  applied to the definition and use of extensions. Though any implementer can define an extension, there is a set of requirements that SHALL be met as part of the definition of the extension.","There can be no stigma associated with the use of extensions by any application, project, or standard - regardless of the institution or jurisdiction that uses or defines the extensions.  The use of extensions is what allows the FHIR specification to retain a core level of simplicity for everyone.","","","","","","","","",,,,,"",,,,"Element.extension",0,*,"","ele-1:All FHIR elements must have a @value or children {hasValue() or (children().count() > id.count())}
ext-1:Must have either extensions or value[x], not both {extension.exists() != value.exists()}","n/a"
"NutritionOrder.oralDiet.modifierExtension","NutritionOrder.oralDiet.modifierExtension","","extensions
user contentmodifiers","",0,*,"","Y","Y","Extension {[]} {[]}
","Extensions that cannot be ignored even if unrecognized","May be used to represent additional information that is not part of the basic definition of the element and that modifies the understanding of the element in which it is contained and/or the understanding of the containing element's descendants. Usually modifier elements provide negation or qualification. To make the use of extensions safe and manageable, there is a strict set of governance applied to the definition and use of extensions. Though any implementer can define an extension, there is a set of requirements that SHALL be met as part of the definition of the extension. Applications processing a resource are required to check for modifier extensions.

Modifier extensions SHALL NOT change the meaning of any elements on Resource or DomainResource (including cannot change the meaning of modifierExtension itself).","There can be no stigma associated with the use of extensions by any application, project, or standard - regardless of the institution or jurisdiction that uses or defines the extensions.  The use of extensions is what allows the FHIR specification to retain a core level of simplicity for everyone.","Modifier extensions allow for extensions that *cannot* be safely ignored to be clearly distinguished from the vast majority of extensions which can be safely ignored.  This promotes interoperability by eliminating the need for implementers to prohibit the presence of extensions. For further information, see the [definition of modifier extensions](http://hl7.org/fhir/R4/extensibility.html#modifierExtension).","","","","","","","",,,,,"",,,,"BackboneElement.modifierExtension",0,*,"","ele-1:All FHIR elements must have a @value or children {hasValue() or (children().count() > id.count())}
ext-1:Must have either extensions or value[x], not both {extension.exists() != value.exists()}","N/A"
"NutritionOrder.oralDiet.type","NutritionOrder.oralDiet.type","","","",0,*,"","","Y","CodeableConcept {[]} {[]}
","Type of oral diet or diet restrictions that describe what can be consumed orally","The kind of diet or dietary restriction such as fiber restricted diet or diabetic diet.","","","","","","","","","",,"example","Codes used to indicate the type of diet being ordered for a patient.","http://hl7.org/fhir/ValueSet/diet-type","",,,,"NutritionOrder.oralDiet.type",0,*,"","ele-1:All FHIR elements must have a @value or children {hasValue() or (children().count() > id.count())}
","Request.code","ODS-3",".code","FiveWs.what[x]"
"NutritionOrder.oralDiet.type.id","NutritionOrder.oralDiet.type.id","","","",0,1,"","","","string {[]} {[]}
","Unique id for inter-element referencing","Unique id for the element within a resource (for internal references). This may be any string value that does not contain spaces.","","","","","","","","","",,,,,"",,,,"Element.id",0,1,"","","n/a"
"NutritionOrder.oralDiet.type.extension","NutritionOrder.oralDiet.type.extension","","extensions
user content","",0,*,"","","","Extension {[]} {[]}
","Additional content defined by implementations","May be used to represent additional information that is not part of the basic definition of the element. To make the use of extensions safe and manageable, there is a strict set of governance  applied to the definition and use of extensions. Though any implementer can define an extension, there is a set of requirements that SHALL be met as part of the definition of the extension.","There can be no stigma associated with the use of extensions by any application, project, or standard - regardless of the institution or jurisdiction that uses or defines the extensions.  The use of extensions is what allows the FHIR specification to retain a core level of simplicity for everyone.","","","","","","","","",,,,,"","value:url}
","Extensions are always sliced by (at least) url",,"open","Element.extension",0,*,"","ele-1:All FHIR elements must have a @value or children {hasValue() or (children().count() > id.count())}
ext-1:Must have either extensions or value[x], not both {extension.exists() != value.exists()}","n/a"
"NutritionOrder.oralDiet.type.coding","NutritionOrder.oralDiet.type.coding","","","",0,*,"","","Y","Coding {[]} {[]}
","Code defined by a terminology system","A reference to a code defined by a terminology system.","Codes may be defined very casually in enumerations, or code lists, up to very formal definitions such as SNOMED CT - see the HL7 v3 Core Principles for more information.  Ordering of codings is undefined and SHALL NOT be used to infer meaning. Generally, at most only one of the coding values will be labeled as UserSelected = true.","Allows for alternative encodings within a code system, and translations to other code systems.","","","","","","","",,,,,"",,,,"CodeableConcept.coding",0,*,"","ele-1:All FHIR elements must have a @value or children {hasValue() or (children().count() > id.count())}
","C*E.1-8, C*E.10-22","union(., ./translation)"
"NutritionOrder.oralDiet.type.text","NutritionOrder.oralDiet.type.text","","DieetType
","",0,1,"","","Y","string {[]} {[]}
","DietType","Description of the type of diet.","Very often the text is the same as a displayName of one of the codings.","The codes from the terminologies do not always capture the correct meaning with all the nuances of the human using them, or sometimes there is no appropriate code at all. In these cases, the text is used to capture the full meaning of the source.","","","","","","","",,,,,"",,,,"CodeableConcept.text",0,1,"","ele-1:All FHIR elements must have a @value or children {hasValue() or (children().count() > id.count())}
","NL-CM:7.11.2","C*E.9. But note many systems use C*E.2 for this","./originalText[mediaType/code=""text/plain""]/data"
"NutritionOrder.oralDiet.schedule","NutritionOrder.oralDiet.schedule","","Frequency
","",0,*,"","","","Timing {[]} {[]}
","Scheduled frequency of diet","The time period and frequency at which the diet should be given.  The diet should be given for the combination of all schedules if more than one schedule is present.","","","","","","","","","",,,,,"",,,,"NutritionOrder.oralDiet.schedule",0,*,"","ele-1:All FHIR elements must have a @value or children {hasValue() or (children().count() > id.count())}
","Request.occurrence[x]","ODS-2, TQ1-7/8",".expectedUseTime"
"NutritionOrder.oralDiet.nutrient","NutritionOrder.oralDiet.nutrient","","","",0,*,"","","","BackboneElement {[]} {[]}
","Required  nutrient modifications","Class that defines the quantity and type of nutrient modifications (for example carbohydrate, fiber or sodium) required for the oral diet.","","","","","","","","","",,,,,"",,,,"NutritionOrder.oralDiet.nutrient",0,*,"","ele-1:All FHIR elements must have a @value or children {hasValue() or (children().count() > id.count())}
","ODS-4",".participation[typeCode=PRD].role[classCode=MANU], manufacturedFoodKind"
"NutritionOrder.oralDiet.nutrient.id","NutritionOrder.oralDiet.nutrient.id","","","",0,1,"","","","string {[]} {[]}
","Unique id for inter-element referencing","Unique id for the element within a resource (for internal references). This may be any string value that does not contain spaces.","","","","","","","","","",,,,,"",,,,"Element.id",0,1,"","","n/a"
"NutritionOrder.oralDiet.nutrient.extension","NutritionOrder.oralDiet.nutrient.extension","","extensions
user content","",0,*,"","","","Extension {[]} {[]}
","Additional content defined by implementations","May be used to represent additional information that is not part of the basic definition of the element. To make the use of extensions safe and manageable, there is a strict set of governance  applied to the definition and use of extensions. Though any implementer can define an extension, there is a set of requirements that SHALL be met as part of the definition of the extension.","There can be no stigma associated with the use of extensions by any application, project, or standard - regardless of the institution or jurisdiction that uses or defines the extensions.  The use of extensions is what allows the FHIR specification to retain a core level of simplicity for everyone.","","","","","","","","",,,,,"",,,,"Element.extension",0,*,"","ele-1:All FHIR elements must have a @value or children {hasValue() or (children().count() > id.count())}
ext-1:Must have either extensions or value[x], not both {extension.exists() != value.exists()}","n/a"
"NutritionOrder.oralDiet.nutrient.modifierExtension","NutritionOrder.oralDiet.nutrient.modifierExtension","","extensions
user contentmodifiers","",0,*,"","Y","Y","Extension {[]} {[]}
","Extensions that cannot be ignored even if unrecognized","May be used to represent additional information that is not part of the basic definition of the element and that modifies the understanding of the element in which it is contained and/or the understanding of the containing element's descendants. Usually modifier elements provide negation or qualification. To make the use of extensions safe and manageable, there is a strict set of governance applied to the definition and use of extensions. Though any implementer can define an extension, there is a set of requirements that SHALL be met as part of the definition of the extension. Applications processing a resource are required to check for modifier extensions.

Modifier extensions SHALL NOT change the meaning of any elements on Resource or DomainResource (including cannot change the meaning of modifierExtension itself).","There can be no stigma associated with the use of extensions by any application, project, or standard - regardless of the institution or jurisdiction that uses or defines the extensions.  The use of extensions is what allows the FHIR specification to retain a core level of simplicity for everyone.","Modifier extensions allow for extensions that *cannot* be safely ignored to be clearly distinguished from the vast majority of extensions which can be safely ignored.  This promotes interoperability by eliminating the need for implementers to prohibit the presence of extensions. For further information, see the [definition of modifier extensions](http://hl7.org/fhir/R4/extensibility.html#modifierExtension).","","","","","","","",,,,,"",,,,"BackboneElement.modifierExtension",0,*,"","ele-1:All FHIR elements must have a @value or children {hasValue() or (children().count() > id.count())}
ext-1:Must have either extensions or value[x], not both {extension.exists() != value.exists()}","N/A"
"NutritionOrder.oralDiet.nutrient.modifier","NutritionOrder.oralDiet.nutrient.modifier","","","",0,1,"","","","CodeableConcept {[]} {[]}
","Type of nutrient that is being modified","The nutrient that is being modified such as carbohydrate or sodium.","","","","","","","","","",,"example","Codes for types of nutrients that are being modified such as carbohydrate or sodium.","http://hl7.org/fhir/ValueSet/nutrient-code","",,,,"NutritionOrder.oralDiet.nutrient.modifier",0,1,"","ele-1:All FHIR elements must have a @value or children {hasValue() or (children().count() > id.count())}
","Request.code","ODS-4",".code","FiveWs.what[x]"
"NutritionOrder.oralDiet.nutrient.amount","NutritionOrder.oralDiet.nutrient.amount","","","",0,1,"","","","Quantity {[CanonicalType[http://hl7.org/fhir/StructureDefinition/SimpleQuantity]]} {[]}
","Quantity of the specified nutrient","The quantity of the specified nutrient to include in diet.","","","","","","","","","",,,,,"",,,,"NutritionOrder.oralDiet.nutrient.amount",0,1,"","ele-1:All FHIR elements must have a @value or children {hasValue() or (children().count() > id.count())}
","ODS-4",".quantity"
"NutritionOrder.oralDiet.texture","NutritionOrder.oralDiet.texture","","","",0,1,"","","","BackboneElement {[]} {[]}
","Required  texture modifications","Class that describes any texture modifications required for the patient to safely consume various types of solid foods.","","","","","","","","","",,,,,"",,,,"NutritionOrder.oralDiet.texture",0,*,"","ele-1:All FHIR elements must have a @value or children {hasValue() or (children().count() > id.count())}
","ODS-4",".inboundRelationship [typeCode =COMP], target [classCode=PROC, moodCode=EVN, code=DietTextureModificationType]"
"NutritionOrder.oralDiet.texture.id","NutritionOrder.oralDiet.texture.id","","","",0,1,"","","","string {[]} {[]}
","Unique id for inter-element referencing","Unique id for the element within a resource (for internal references). This may be any string value that does not contain spaces.","","","","","","","","","",,,,,"",,,,"Element.id",0,1,"","","n/a"
"NutritionOrder.oralDiet.texture.extension","NutritionOrder.oralDiet.texture.extension","","extensions
user content","",0,*,"","","","Extension {[]} {[]}
","Additional content defined by implementations","May be used to represent additional information that is not part of the basic definition of the element. To make the use of extensions safe and manageable, there is a strict set of governance  applied to the definition and use of extensions. Though any implementer can define an extension, there is a set of requirements that SHALL be met as part of the definition of the extension.","There can be no stigma associated with the use of extensions by any application, project, or standard - regardless of the institution or jurisdiction that uses or defines the extensions.  The use of extensions is what allows the FHIR specification to retain a core level of simplicity for everyone.","","","","","","","","",,,,,"",,,,"Element.extension",0,*,"","ele-1:All FHIR elements must have a @value or children {hasValue() or (children().count() > id.count())}
ext-1:Must have either extensions or value[x], not both {extension.exists() != value.exists()}","n/a"
"NutritionOrder.oralDiet.texture.modifierExtension","NutritionOrder.oralDiet.texture.modifierExtension","","extensions
user contentmodifiers","",0,*,"","Y","Y","Extension {[]} {[]}
","Extensions that cannot be ignored even if unrecognized","May be used to represent additional information that is not part of the basic definition of the element and that modifies the understanding of the element in which it is contained and/or the understanding of the containing element's descendants. Usually modifier elements provide negation or qualification. To make the use of extensions safe and manageable, there is a strict set of governance applied to the definition and use of extensions. Though any implementer can define an extension, there is a set of requirements that SHALL be met as part of the definition of the extension. Applications processing a resource are required to check for modifier extensions.

Modifier extensions SHALL NOT change the meaning of any elements on Resource or DomainResource (including cannot change the meaning of modifierExtension itself).","There can be no stigma associated with the use of extensions by any application, project, or standard - regardless of the institution or jurisdiction that uses or defines the extensions.  The use of extensions is what allows the FHIR specification to retain a core level of simplicity for everyone.","Modifier extensions allow for extensions that *cannot* be safely ignored to be clearly distinguished from the vast majority of extensions which can be safely ignored.  This promotes interoperability by eliminating the need for implementers to prohibit the presence of extensions. For further information, see the [definition of modifier extensions](http://hl7.org/fhir/R4/extensibility.html#modifierExtension).","","","","","","","",,,,,"",,,,"BackboneElement.modifierExtension",0,*,"","ele-1:All FHIR elements must have a @value or children {hasValue() or (children().count() > id.count())}
ext-1:Must have either extensions or value[x], not both {extension.exists() != value.exists()}","N/A"
"NutritionOrder.oralDiet.texture.modifier","NutritionOrder.oralDiet.texture.modifier","","","",0,1,"","","","CodeableConcept {[]} {[]}
","Code to indicate how to alter the texture of the foods, e.g. pureed","Any texture modifications (for solid foods) that should be made, e.g. easy to chew, chopped, ground, and pureed.","Coupled with the foodType (Meat).","","","","","","","","",,"example","Codes for food consistency types or texture modifications to apply to foods.","http://hl7.org/fhir/ValueSet/texture-code","",,,,"NutritionOrder.oralDiet.texture.modifier",0,1,"","ele-1:All FHIR elements must have a @value or children {hasValue() or (children().count() > id.count())}
","Request.code","ODS-4",".code"
"NutritionOrder.oralDiet.texture.modifier.id","NutritionOrder.oralDiet.texture.modifier.id","","","",0,1,"","","","string {[]} {[]}
","Unique id for inter-element referencing","Unique id for the element within a resource (for internal references). This may be any string value that does not contain spaces.","","","","","","","","","",,,,,"",,,,"Element.id",0,1,"","","n/a"
"NutritionOrder.oralDiet.texture.modifier.extension","NutritionOrder.oralDiet.texture.modifier.extension","","extensions
user content","",0,*,"","","","Extension {[]} {[]}
","Additional content defined by implementations","May be used to represent additional information that is not part of the basic definition of the element. To make the use of extensions safe and manageable, there is a strict set of governance  applied to the definition and use of extensions. Though any implementer can define an extension, there is a set of requirements that SHALL be met as part of the definition of the extension.","There can be no stigma associated with the use of extensions by any application, project, or standard - regardless of the institution or jurisdiction that uses or defines the extensions.  The use of extensions is what allows the FHIR specification to retain a core level of simplicity for everyone.","","","","","","","","",,,,,"","value:url}
","Extensions are always sliced by (at least) url",,"open","Element.extension",0,*,"","ele-1:All FHIR elements must have a @value or children {hasValue() or (children().count() > id.count())}
ext-1:Must have either extensions or value[x], not both {extension.exists() != value.exists()}","n/a"
"NutritionOrder.oralDiet.texture.modifier.coding","NutritionOrder.oralDiet.texture.modifier.coding","","","",0,*,"","","Y","Coding {[]} {[]}
","Code defined by a terminology system","A reference to a code defined by a terminology system.","Codes may be defined very casually in enumerations, or code lists, up to very formal definitions such as SNOMED CT - see the HL7 v3 Core Principles for more information.  Ordering of codings is undefined and SHALL NOT be used to infer meaning. Generally, at most only one of the coding values will be labeled as UserSelected = true.","Allows for alternative encodings within a code system, and translations to other code systems.","","","","","","","",,,,,"",,,,"CodeableConcept.coding",0,*,"","ele-1:All FHIR elements must have a @value or children {hasValue() or (children().count() > id.count())}
","C*E.1-8, C*E.10-22","union(., ./translation)"
"NutritionOrder.oralDiet.texture.modifier.text","NutritionOrder.oralDiet.texture.modifier.text","","Consistentie
","",0,1,"","","Y","string {[]} {[]}
","Consistency","A description of the consistency of the food.","The zib concept Consistency is mapped on two FHIR elements: `.oralDiet.texture.modifier.text` for solid foods and `.oralDiet.fluidConsistencyType.text` for liquid foods. A sending system should be able to decide on which of these FHIR elements is (the most) applicable. However, if this is not possible, it is recommended to use `.oralDiet.texture.modifier.text` as this concept has a broader meaning and may include liquid foods as well.","The codes from the terminologies do not always capture the correct meaning with all the nuances of the human using them, or sometimes there is no appropriate code at all. In these cases, the text is used to capture the full meaning of the source.","","","","","","","",,,,,"",,,,"CodeableConcept.text",0,1,"","ele-1:All FHIR elements must have a @value or children {hasValue() or (children().count() > id.count())}
","NL-CM:7.11.3","C*E.9. But note many systems use C*E.2 for this","./originalText[mediaType/code=""text/plain""]/data"
"NutritionOrder.oralDiet.texture.foodType","NutritionOrder.oralDiet.texture.foodType","","","",0,1,"","","","CodeableConcept {[]} {[]}
","Concepts that are used to identify an entity that is ingested for nutritional purposes","The food type(s) (e.g. meats, all foods)  that the texture modification applies to.  This could be all foods types.","Coupled with the `texture.modifier`; could be (All Foods).","","","","","","","","",,"example","Codes for types of foods that are texture-modified.","http://hl7.org/fhir/ValueSet/modified-foodtype","",,,,"NutritionOrder.oralDiet.texture.foodType",0,1,"","ele-1:All FHIR elements must have a @value or children {hasValue() or (children().count() > id.count())}
","Request.code","ODS-4",".participation[typeCode=PRD].role[classCode=MANU], manufacturedFoodKind; .code"
"NutritionOrder.oralDiet.fluidConsistencyType","NutritionOrder.oralDiet.fluidConsistencyType","","","",0,*,"","","","CodeableConcept {[]} {[]}
","The required consistency of fluids and liquids provided to the patient","The required consistency (e.g. honey-thick, nectar-thick, thin, thickened.) of liquids or fluids served to the patient.","","","","","","","","","",,"example","Codes used to represent the consistency of fluids and liquids provided to the patient.","http://hl7.org/fhir/ValueSet/consistency-type","",,,,"NutritionOrder.oralDiet.fluidConsistencyType",0,*,"","ele-1:All FHIR elements must have a @value or children {hasValue() or (children().count() > id.count())}
","Request.code","ODS-4",".code  (Not differentiated from dietTextureModificationType in HL7 v3)"
"NutritionOrder.oralDiet.fluidConsistencyType.id","NutritionOrder.oralDiet.fluidConsistencyType.id","","","",0,1,"","","","string {[]} {[]}
","Unique id for inter-element referencing","Unique id for the element within a resource (for internal references). This may be any string value that does not contain spaces.","","","","","","","","","",,,,,"",,,,"Element.id",0,1,"","","n/a"
"NutritionOrder.oralDiet.fluidConsistencyType.extension","NutritionOrder.oralDiet.fluidConsistencyType.extension","","extensions
user content","",0,*,"","","","Extension {[]} {[]}
","Additional content defined by implementations","May be used to represent additional information that is not part of the basic definition of the element. To make the use of extensions safe and manageable, there is a strict set of governance  applied to the definition and use of extensions. Though any implementer can define an extension, there is a set of requirements that SHALL be met as part of the definition of the extension.","There can be no stigma associated with the use of extensions by any application, project, or standard - regardless of the institution or jurisdiction that uses or defines the extensions.  The use of extensions is what allows the FHIR specification to retain a core level of simplicity for everyone.","","","","","","","","",,,,,"","value:url}
","Extensions are always sliced by (at least) url",,"open","Element.extension",0,*,"","ele-1:All FHIR elements must have a @value or children {hasValue() or (children().count() > id.count())}
ext-1:Must have either extensions or value[x], not both {extension.exists() != value.exists()}","n/a"
"NutritionOrder.oralDiet.fluidConsistencyType.coding","NutritionOrder.oralDiet.fluidConsistencyType.coding","","","",0,*,"","","Y","Coding {[]} {[]}
","Code defined by a terminology system","A reference to a code defined by a terminology system.","Codes may be defined very casually in enumerations, or code lists, up to very formal definitions such as SNOMED CT - see the HL7 v3 Core Principles for more information.  Ordering of codings is undefined and SHALL NOT be used to infer meaning. Generally, at most only one of the coding values will be labeled as UserSelected = true.","Allows for alternative encodings within a code system, and translations to other code systems.","","","","","","","",,,,,"",,,,"CodeableConcept.coding",0,*,"","ele-1:All FHIR elements must have a @value or children {hasValue() or (children().count() > id.count())}
","C*E.1-8, C*E.10-22","union(., ./translation)"
"NutritionOrder.oralDiet.fluidConsistencyType.text","NutritionOrder.oralDiet.fluidConsistencyType.text","","Consistentie
","",0,1,"","","Y","string {[]} {[]}
","Consistency","A description of the consistency of the food.","The zib concept Consistency is mapped on two FHIR elements: `.oralDiet.texture.modifier.text` for solid foods and `.oralDiet.fluidConsistencyType.text` for liquid foods. A sending system should be able to decide on which of these FHIR elements is (the most) applicable. However, if this is not possible, it is recommended to use `.oralDiet.texture.modifier.text` as this concept has a broader meaning and may include liquid foods as well.","The codes from the terminologies do not always capture the correct meaning with all the nuances of the human using them, or sometimes there is no appropriate code at all. In these cases, the text is used to capture the full meaning of the source.","","","","","","","",,,,,"",,,,"CodeableConcept.text",0,1,"","ele-1:All FHIR elements must have a @value or children {hasValue() or (children().count() > id.count())}
","NL-CM:7.11.3","C*E.9. But note many systems use C*E.2 for this","./originalText[mediaType/code=""text/plain""]/data"
"NutritionOrder.oralDiet.instruction","NutritionOrder.oralDiet.instruction","","","",0,1,"","","Y","string {[]} {[]}
","Instructions or additional information about the oral diet","Free text or additional instructions or information pertaining to the oral diet.","Free text dosage instructions can be used for cases where the instructions are too complex to code.","","","","","","","","",,,,,"",,,,"NutritionOrder.oralDiet.instruction",0,1,"","ele-1:All FHIR elements must have a @value or children {hasValue() or (children().count() > id.count())}
","Request.supportingInfo","ODS-4",".text"
"NutritionOrder.supplement","NutritionOrder.supplement","","","",0,*,"","","","BackboneElement {[]} {[]}
","Supplement components","Oral nutritional products given in order to add further nutritional value to the patient's diet.","","","","","","","","","",,,,,"",,,,"NutritionOrder.supplement",0,*,"nor-1
","ele-1:All FHIR elements must have a @value or children {hasValue() or (children().count() > id.count())}
","ODS-1 Value = ""P""",".outboundRelationship [typeCode =COMP], target [classCode=SPLY, moodCode=RQO, code=SUPPLEMENT]"
"NutritionOrder.supplement.id","NutritionOrder.supplement.id","","","",0,1,"","","","string {[]} {[]}
","Unique id for inter-element referencing","Unique id for the element within a resource (for internal references). This may be any string value that does not contain spaces.","","","","","","","","","",,,,,"",,,,"Element.id",0,1,"","","n/a"
"NutritionOrder.supplement.extension","NutritionOrder.supplement.extension","","extensions
user content","",0,*,"","","","Extension {[]} {[]}
","Additional content defined by implementations","May be used to represent additional information that is not part of the basic definition of the element. To make the use of extensions safe and manageable, there is a strict set of governance  applied to the definition and use of extensions. Though any implementer can define an extension, there is a set of requirements that SHALL be met as part of the definition of the extension.","There can be no stigma associated with the use of extensions by any application, project, or standard - regardless of the institution or jurisdiction that uses or defines the extensions.  The use of extensions is what allows the FHIR specification to retain a core level of simplicity for everyone.","","","","","","","","",,,,,"",,,,"Element.extension",0,*,"","ele-1:All FHIR elements must have a @value or children {hasValue() or (children().count() > id.count())}
ext-1:Must have either extensions or value[x], not both {extension.exists() != value.exists()}","n/a"
"NutritionOrder.supplement.modifierExtension","NutritionOrder.supplement.modifierExtension","","extensions
user contentmodifiers","",0,*,"","Y","Y","Extension {[]} {[]}
","Extensions that cannot be ignored even if unrecognized","May be used to represent additional information that is not part of the basic definition of the element and that modifies the understanding of the element in which it is contained and/or the understanding of the containing element's descendants. Usually modifier elements provide negation or qualification. To make the use of extensions safe and manageable, there is a strict set of governance applied to the definition and use of extensions. Though any implementer can define an extension, there is a set of requirements that SHALL be met as part of the definition of the extension. Applications processing a resource are required to check for modifier extensions.

Modifier extensions SHALL NOT change the meaning of any elements on Resource or DomainResource (including cannot change the meaning of modifierExtension itself).","There can be no stigma associated with the use of extensions by any application, project, or standard - regardless of the institution or jurisdiction that uses or defines the extensions.  The use of extensions is what allows the FHIR specification to retain a core level of simplicity for everyone.","Modifier extensions allow for extensions that *cannot* be safely ignored to be clearly distinguished from the vast majority of extensions which can be safely ignored.  This promotes interoperability by eliminating the need for implementers to prohibit the presence of extensions. For further information, see the [definition of modifier extensions](http://hl7.org/fhir/R4/extensibility.html#modifierExtension).","","","","","","","",,,,,"",,,,"BackboneElement.modifierExtension",0,*,"","ele-1:All FHIR elements must have a @value or children {hasValue() or (children().count() > id.count())}
ext-1:Must have either extensions or value[x], not both {extension.exists() != value.exists()}","N/A"
"NutritionOrder.supplement.type","NutritionOrder.supplement.type","","","",0,1,"","","Y","CodeableConcept {[]} {[]}
","Type of supplement product requested","The kind of nutritional supplement product required such as a high protein or pediatric clear liquid supplement.","","","","","","","","","",,"example","Codes for nutritional supplements to be provided to the patient.","http://hl7.org/fhir/ValueSet/supplement-type","",,,,"NutritionOrder.supplement.type",0,1,"","ele-1:All FHIR elements must have a @value or children {hasValue() or (children().count() > id.count())}
","Request.code","ODS-3",".participation[typeCode=PRD].role[classCode=MANU], manufacturedFoodKind; .code (NutritionalSupplementType)","FiveWs.what[x]"
"NutritionOrder.supplement.productName","NutritionOrder.supplement.productName","","","",0,1,"","","","string {[]} {[]}
","Product or brand name of the nutritional supplement","The product or brand name of the nutritional supplement such as ""Acme Protein Shake"".","","","","","","","","","",,,,,"",,,,"NutritionOrder.supplement.productName",0,1,"","ele-1:All FHIR elements must have a @value or children {hasValue() or (children().count() > id.count())}
","ODS-3",".id"
"NutritionOrder.supplement.schedule","NutritionOrder.supplement.schedule","","Frequency
","",0,*,"","","","Timing {[]} {[]}
","Scheduled frequency of supplement","The time period and frequency at which the supplement(s) should be given.  The supplement should be given for the combination of all schedules if more than one schedule is present.","","","","","","","","","",,,,,"",,,,"NutritionOrder.supplement.schedule",0,*,"","ele-1:All FHIR elements must have a @value or children {hasValue() or (children().count() > id.count())}
","Request.occurrence[x]","ODS-2,TQ1-7/8",".effectiveTime"
"NutritionOrder.supplement.quantity","NutritionOrder.supplement.quantity","","","",0,1,"","","","Quantity {[CanonicalType[http://hl7.org/fhir/StructureDefinition/SimpleQuantity]]} {[]}
","Amount of the nutritional supplement","The amount of the nutritional supplement to be given.","","","","","","","","","",,,,,"",,,,"NutritionOrder.supplement.quantity",0,1,"","ele-1:All FHIR elements must have a @value or children {hasValue() or (children().count() > id.count())}
","TQ1-2",".quantity"
"NutritionOrder.supplement.instruction","NutritionOrder.supplement.instruction","","","",0,1,"","","Y","string {[]} {[]}
","Instructions or additional information about the oral supplement","Free text or additional instructions or information pertaining to the oral supplement.","Free text dosage instructions can be used for cases where the instructions are too complex to code.","","","","","","","","",,,,,"",,,,"NutritionOrder.supplement.instruction",0,1,"","ele-1:All FHIR elements must have a @value or children {hasValue() or (children().count() > id.count())}
","Request.supportingInfo","ODS-4",".text"
"NutritionOrder.enteralFormula","NutritionOrder.enteralFormula","","","",0,1,"","","","BackboneElement {[]} {[]}
","Enteral formula components","Feeding provided through the gastrointestinal tract via a tube, catheter, or stoma that delivers nutrition distal to the oral cavity.","","","","","","","","","",,,,,"",,,,"NutritionOrder.enteralFormula",0,1,"nor-1
","ele-1:All FHIR elements must have a @value or children {hasValue() or (children().count() > id.count())}
","ODS-1 Value coded for enteral",".outboundRelationship [typeCode =COMP], target [classCode=SPLY, moodCode=RQO, code=FORMULA]"
"NutritionOrder.enteralFormula.id","NutritionOrder.enteralFormula.id","","","",0,1,"","","","string {[]} {[]}
","Unique id for inter-element referencing","Unique id for the element within a resource (for internal references). This may be any string value that does not contain spaces.","","","","","","","","","",,,,,"",,,,"Element.id",0,1,"","","n/a"
"NutritionOrder.enteralFormula.extension","NutritionOrder.enteralFormula.extension","","extensions
user content","",0,*,"","","","Extension {[]} {[]}
","Additional content defined by implementations","May be used to represent additional information that is not part of the basic definition of the element. To make the use of extensions safe and manageable, there is a strict set of governance  applied to the definition and use of extensions. Though any implementer can define an extension, there is a set of requirements that SHALL be met as part of the definition of the extension.","There can be no stigma associated with the use of extensions by any application, project, or standard - regardless of the institution or jurisdiction that uses or defines the extensions.  The use of extensions is what allows the FHIR specification to retain a core level of simplicity for everyone.","","","","","","","","",,,,,"",,,,"Element.extension",0,*,"","ele-1:All FHIR elements must have a @value or children {hasValue() or (children().count() > id.count())}
ext-1:Must have either extensions or value[x], not both {extension.exists() != value.exists()}","n/a"
"NutritionOrder.enteralFormula.modifierExtension","NutritionOrder.enteralFormula.modifierExtension","","extensions
user contentmodifiers","",0,*,"","Y","Y","Extension {[]} {[]}
","Extensions that cannot be ignored even if unrecognized","May be used to represent additional information that is not part of the basic definition of the element and that modifies the understanding of the element in which it is contained and/or the understanding of the containing element's descendants. Usually modifier elements provide negation or qualification. To make the use of extensions safe and manageable, there is a strict set of governance applied to the definition and use of extensions. Though any implementer can define an extension, there is a set of requirements that SHALL be met as part of the definition of the extension. Applications processing a resource are required to check for modifier extensions.

Modifier extensions SHALL NOT change the meaning of any elements on Resource or DomainResource (including cannot change the meaning of modifierExtension itself).","There can be no stigma associated with the use of extensions by any application, project, or standard - regardless of the institution or jurisdiction that uses or defines the extensions.  The use of extensions is what allows the FHIR specification to retain a core level of simplicity for everyone.","Modifier extensions allow for extensions that *cannot* be safely ignored to be clearly distinguished from the vast majority of extensions which can be safely ignored.  This promotes interoperability by eliminating the need for implementers to prohibit the presence of extensions. For further information, see the [definition of modifier extensions](http://hl7.org/fhir/R4/extensibility.html#modifierExtension).","","","","","","","",,,,,"",,,,"BackboneElement.modifierExtension",0,*,"","ele-1:All FHIR elements must have a @value or children {hasValue() or (children().count() > id.count())}
ext-1:Must have either extensions or value[x], not both {extension.exists() != value.exists()}","N/A"
"NutritionOrder.enteralFormula.baseFormulaType","NutritionOrder.enteralFormula.baseFormulaType","","","",0,1,"","","Y","CodeableConcept {[]} {[]}
","Type of enteral or infant formula","The type of enteral or infant formula such as an adult standard formula with fiber or a soy-based infant formula.","","","","","","","","","",,"example","Codes for type of enteral formula to be administered to patient.","http://hl7.org/fhir/ValueSet/entformula-type","",,,,"NutritionOrder.enteralFormula.baseFormulaType",0,1,"","ele-1:All FHIR elements must have a @value or children {hasValue() or (children().count() > id.count())}
","Request.code","ODS-3",".participation[typeCode=PRD].role[classCode=MANU], manufacturedFoodKind; .code (NutritionalFormulaType)","FiveWs.what[x]"
"NutritionOrder.enteralFormula.baseFormulaProductName","NutritionOrder.enteralFormula.baseFormulaProductName","","","",0,1,"","","","string {[]} {[]}
","Product or brand name of the enteral or infant formula","The product or brand name of the enteral or infant formula product such as ""ACME Adult Standard Formula"".","","","","","","","","","",,,,,"",,,,"NutritionOrder.enteralFormula.baseFormulaProductName",0,1,"","ele-1:All FHIR elements must have a @value or children {hasValue() or (children().count() > id.count())}
","ODS-4",".id"
"NutritionOrder.enteralFormula.additiveType","NutritionOrder.enteralFormula.additiveType","","","",0,1,"","","","CodeableConcept {[]} {[]}
","Type of modular component to add to the feeding","Indicates the type of modular component such as protein, carbohydrate, fat or fiber to be provided in addition to or mixed with the base formula.","","","","","","","","","",,"example","Codes for the type of modular component such as protein, carbohydrate or fiber to be provided in addition to or mixed with the base formula.","http://hl7.org/fhir/ValueSet/entformula-additive","",,,,"NutritionOrder.enteralFormula.additiveType",0,1,"","ele-1:All FHIR elements must have a @value or children {hasValue() or (children().count() > id.count())}
","Request.code","ODS-3","N/A (not differentiated from NutritionalFormulaType in HL7 v3)","FiveWs.what[x]"
"NutritionOrder.enteralFormula.additiveProductName","NutritionOrder.enteralFormula.additiveProductName","","","",0,1,"","","","string {[]} {[]}
","Product or brand name of the modular additive","The product or brand name of the type of modular component to be added to the formula.","","","","","","","","","",,,,,"",,,,"NutritionOrder.enteralFormula.additiveProductName",0,1,"","ele-1:All FHIR elements must have a @value or children {hasValue() or (children().count() > id.count())}
","ODS-4","N/A"
"NutritionOrder.enteralFormula.caloricDensity","NutritionOrder.enteralFormula.caloricDensity","","","",0,1,"","","","Quantity {[CanonicalType[http://hl7.org/fhir/StructureDefinition/SimpleQuantity]]} {[]}
","Amount of energy per specified volume that is required","The amount of energy (calories) that the formula should provide per specified volume, typically per mL or fluid oz.  For example, an infant may require a formula that provides 24 calories per fluid ounce or an adult may require an enteral formula that provides 1.5 calorie/mL.","","","","","","","","","",,,,,"",,,,"NutritionOrder.enteralFormula.caloricDensity",0,1,"","ele-1:All FHIR elements must have a @value or children {hasValue() or (children().count() > id.count())}
","TQ1-2",".quantity (caloricDensity)"
"NutritionOrder.enteralFormula.routeofAdministration","NutritionOrder.enteralFormula.routeofAdministration","","","",0,1,"","","","CodeableConcept {[]} {[]}
","How the formula should enter the patient's gastrointestinal tract","The route or physiological path of administration into the patient's gastrointestinal  tract for purposes of providing the formula feeding, e.g. nasogastric tube.","","","","","","","","","",,"extensible","Codes specifying the route of administration of enteral formula.","http://hl7.org/fhir/ValueSet/enteral-route","",,,,"NutritionOrder.enteralFormula.routeofAdministration",0,1,"","ele-1:All FHIR elements must have a @value or children {hasValue() or (children().count() > id.count())}
","ODS-4",".routeCode"
"NutritionOrder.enteralFormula.administration","NutritionOrder.enteralFormula.administration","","","",0,*,"","","","BackboneElement {[]} {[]}
","Formula feeding instruction as structured data","Formula administration instructions as structured data.  This repeating structure allows for changing the administration rate or volume over time for both bolus and continuous feeding.  An example of this would be an instruction to increase the rate of continuous feeding every 2 hours.","See implementation notes below for further discussion on how to order continuous vs bolus enteral feeding using this resource.","","","","","","","","",,,,,"",,,,"NutritionOrder.enteralFormula.administration",0,*,"","ele-1:All FHIR elements must have a @value or children {hasValue() or (children().count() > id.count())}
","ODS-4",".outboundRelationship [typeCode =COMP], target [classCode=SBADM, moodCode=RQO]"
"NutritionOrder.enteralFormula.administration.id","NutritionOrder.enteralFormula.administration.id","","","",0,1,"","","","string {[]} {[]}
","Unique id for inter-element referencing","Unique id for the element within a resource (for internal references). This may be any string value that does not contain spaces.","","","","","","","","","",,,,,"",,,,"Element.id",0,1,"","","n/a"
"NutritionOrder.enteralFormula.administration.extension","NutritionOrder.enteralFormula.administration.extension","","extensions
user content","",0,*,"","","","Extension {[]} {[]}
","Additional content defined by implementations","May be used to represent additional information that is not part of the basic definition of the element. To make the use of extensions safe and manageable, there is a strict set of governance  applied to the definition and use of extensions. Though any implementer can define an extension, there is a set of requirements that SHALL be met as part of the definition of the extension.","There can be no stigma associated with the use of extensions by any application, project, or standard - regardless of the institution or jurisdiction that uses or defines the extensions.  The use of extensions is what allows the FHIR specification to retain a core level of simplicity for everyone.","","","","","","","","",,,,,"",,,,"Element.extension",0,*,"","ele-1:All FHIR elements must have a @value or children {hasValue() or (children().count() > id.count())}
ext-1:Must have either extensions or value[x], not both {extension.exists() != value.exists()}","n/a"
"NutritionOrder.enteralFormula.administration.modifierExtension","NutritionOrder.enteralFormula.administration.modifierExtension","","extensions
user contentmodifiers","",0,*,"","Y","Y","Extension {[]} {[]}
","Extensions that cannot be ignored even if unrecognized","May be used to represent additional information that is not part of the basic definition of the element and that modifies the understanding of the element in which it is contained and/or the understanding of the containing element's descendants. Usually modifier elements provide negation or qualification. To make the use of extensions safe and manageable, there is a strict set of governance applied to the definition and use of extensions. Though any implementer can define an extension, there is a set of requirements that SHALL be met as part of the definition of the extension. Applications processing a resource are required to check for modifier extensions.

Modifier extensions SHALL NOT change the meaning of any elements on Resource or DomainResource (including cannot change the meaning of modifierExtension itself).","There can be no stigma associated with the use of extensions by any application, project, or standard - regardless of the institution or jurisdiction that uses or defines the extensions.  The use of extensions is what allows the FHIR specification to retain a core level of simplicity for everyone.","Modifier extensions allow for extensions that *cannot* be safely ignored to be clearly distinguished from the vast majority of extensions which can be safely ignored.  This promotes interoperability by eliminating the need for implementers to prohibit the presence of extensions. For further information, see the [definition of modifier extensions](http://hl7.org/fhir/R4/extensibility.html#modifierExtension).","","","","","","","",,,,,"",,,,"BackboneElement.modifierExtension",0,*,"","ele-1:All FHIR elements must have a @value or children {hasValue() or (children().count() > id.count())}
ext-1:Must have either extensions or value[x], not both {extension.exists() != value.exists()}","N/A"
"NutritionOrder.enteralFormula.administration.schedule","NutritionOrder.enteralFormula.administration.schedule","","Frequency
","",0,1,"","","","Timing {[]} {[]}
","Scheduled frequency of enteral feeding","The time period and frequency at which the enteral formula should be delivered to the patient.","","","","","","","","","",,,,,"",,,,"NutritionOrder.enteralFormula.administration.schedule",0,1,"","ele-1:All FHIR elements must have a @value or children {hasValue() or (children().count() > id.count())}
","Request.occurrence[x]","ODS-2,TQ1-7/8",".effectiveUseTime"
"NutritionOrder.enteralFormula.administration.quantity","NutritionOrder.enteralFormula.administration.quantity","","","",0,1,"","","","Quantity {[CanonicalType[http://hl7.org/fhir/StructureDefinition/SimpleQuantity]]} {[]}
","The volume of formula to provide","The volume of formula to provide to the patient per the specified administration schedule.","","","","","","","","","",,,,,"",,,,"NutritionOrder.enteralFormula.administration.quantity",0,1,"","ele-1:All FHIR elements must have a @value or children {hasValue() or (children().count() > id.count())}
","TQ1-2",".doseQuantity"
"NutritionOrder.enteralFormula.administration.rate[x]","NutritionOrder.enteralFormula.administration.rate[x]","","","",0,1,"","","","Quantity {[CanonicalType[http://hl7.org/fhir/StructureDefinition/SimpleQuantity]]} {[]}
Ratio {[]} {[]}","Speed with which the formula is provided per period of time","The rate of administration of formula via a feeding pump, e.g. 60 mL per hour, according to the specified schedule.","Ratio is used when the quantity value in the denominator is not ""1"", otherwise use Quantity. For example, the Ratio datatype is used for ""200 mL/4 hrs"" versus the Quantity datatype for ""50 mL/hr"".","","","","","","","","",,,,,"",,,,"NutritionOrder.enteralFormula.administration.rate[x]",0,1,"","ele-1:All FHIR elements must have a @value or children {hasValue() or (children().count() > id.count())}
","ODS-4",".rateQuantity"
"NutritionOrder.enteralFormula.maxVolumeToDeliver","NutritionOrder.enteralFormula.maxVolumeToDeliver","","","",0,1,"","","","Quantity {[CanonicalType[http://hl7.org/fhir/StructureDefinition/SimpleQuantity]]} {[]}
","Upper limit on formula volume per unit of time","The maximum total quantity of formula that may be administered to a subject over the period of time, e.g. 1440 mL over 24 hours.","","","","","","","","","",,,,,"",,,,"NutritionOrder.enteralFormula.maxVolumeToDeliver",0,1,"","ele-1:All FHIR elements must have a @value or children {hasValue() or (children().count() > id.count())}
","ODS-4",".maxDoseQuantity"
"NutritionOrder.enteralFormula.administrationInstruction","NutritionOrder.enteralFormula.administrationInstruction","","","",0,1,"","","Y","string {[]} {[]}
","Formula feeding instructions expressed as text","Free text formula administration, feeding instructions or additional instructions or information.","Free text dosage instructions can be used for cases where the instructions are too complex to code.","","","","","","","","",,,,,"",,,,"NutritionOrder.enteralFormula.administrationInstruction",0,1,"","ele-1:All FHIR elements must have a @value or children {hasValue() or (children().count() > id.count())}
","Request.supportingInfo","ODS-4","N/A"
"NutritionOrder.note","NutritionOrder.note","","","",0,1,"","","","Annotation {[]} {[]}
","Comments","Comments made about the {{title}} by the requester, performer, subject or other participants.","This element SHALL NOT be used to supply free text instructions for the diet which are represented in the `.oralDiet.instruction`, `supplement.instruction`, or `enteralFormula.administrationInstruction` elements.","","","","","","","","",,,,,"",,,,"NutritionOrder.note",0,*,"","ele-1:All FHIR elements must have a @value or children {hasValue() or (children().count() > id.count())}
","Request.note"
"NutritionOrder.note.id","NutritionOrder.note.id","","","",0,1,"","","","string {[]} {[]}
","Unique id for inter-element referencing","Unique id for the element within a resource (for internal references). This may be any string value that does not contain spaces.","","","","","","","","","",,,,,"",,,,"Element.id",0,1,"","","n/a"
"NutritionOrder.note.extension","NutritionOrder.note.extension","","extensions
user content","",0,*,"","","","Extension {[]} {[]}
","Additional content defined by implementations","May be used to represent additional information that is not part of the basic definition of the element. To make the use of extensions safe and manageable, there is a strict set of governance  applied to the definition and use of extensions. Though any implementer can define an extension, there is a set of requirements that SHALL be met as part of the definition of the extension.","There can be no stigma associated with the use of extensions by any application, project, or standard - regardless of the institution or jurisdiction that uses or defines the extensions.  The use of extensions is what allows the FHIR specification to retain a core level of simplicity for everyone.","","","","","","","","",,,,,"","value:url}
","Extensions are always sliced by (at least) url",,"open","Element.extension",0,*,"","ele-1:All FHIR elements must have a @value or children {hasValue() or (children().count() > id.count())}
ext-1:Must have either extensions or value[x], not both {extension.exists() != value.exists()}","n/a"
"NutritionOrder.note.author[x]","NutritionOrder.note.author[x]","","","",0,1,"","","Y","Reference {[]} {[CanonicalType[http://hl7.org/fhir/StructureDefinition/Practitioner], CanonicalType[http://hl7.org/fhir/StructureDefinition/Patient], CanonicalType[http://hl7.org/fhir/StructureDefinition/RelatedPerson], CanonicalType[http://hl7.org/fhir/StructureDefinition/Organization]]}
string {[]} {[]}","Individual responsible for the annotation","The individual responsible for making the annotation.","Organization is used when there's no need for specific attribution as to who made the comment.","","","","","","","","",,,,,"",,,,"Annotation.author[x]",0,1,"","ele-1:All FHIR elements must have a @value or children {hasValue() or (children().count() > id.count())}
","N/A","Act.participant[typeCode=AUT].role"
"NutritionOrder.note.time","NutritionOrder.note.time","","","",0,1,"","","Y","dateTime {[]} {[]}
","When the annotation was made","Indicates when this particular annotation was made.","","","","","","","","","",,,,,"",,,,"Annotation.time",0,1,"","ele-1:All FHIR elements must have a @value or children {hasValue() or (children().count() > id.count())}
","N/A","Act.effectiveTime"
"NutritionOrder.note.text","NutritionOrder.note.text","","Toelichting
","",1,1,"","","Y","markdown {[]} {[]}
","Comment","A comment on the nutrition advice.","","","","","","","","","",,,,,"",,,,"Annotation.text",1,1,"","ele-1:All FHIR elements must have a @value or children {hasValue() or (children().count() > id.count())}
","NL-CM:7.11.4","N/A","Act.text"
