"Id","Path","Slice Name","Alias(s)","Label","Min","Max","Must Support?","Is Modifier?","Is Summary?","Type(s)","Short","Definition","Comments","Requirements","Default Value","Meaning When Missing","Fixed Value","Pattern","Example","Minimum Value","Maximum Value","Maximum Length","Binding Strength","Binding Description","Binding Value Set","Code","Slicing Discriminator","Slicing Description","Slicing Ordered","Slicing Rules","Base Path","Base Min","Base Max","Condition(s)","Constraint(s)","Mapping: zib VisualFunction-v3.1(2020EN)","Mapping: zib MedicalDevice-v3.3.1(2020EN)","Mapping: zib Procedure-v5.2(2020EN)","Mapping: zib BowelFunction-v3.1.1(2020EN)","Mapping: zib FunctionalOrMentalStatus-v3.2(2020EN)","Mapping: zib Mobility-v3.3(2020EN)","Mapping: zib Stoma-v3.3(2020EN)","Mapping: Workflow Pattern","Mapping: Quality Improvement and Clinical Knowledge (QUICK)","Mapping: FiveWs Pattern Mapping","Mapping: HL7 v2 Mapping","Mapping: RIM Mapping"
"DeviceUseStatement","DeviceUseStatement","","MedischHulpmiddel
nl-core-VisualFunction.VisualAid","",0,*,"","","","null {[]} {[]}
","MedicalDevice","The medical aids used to support the visual function.","This is a specialization of the profile for zib MedicalDevice to represent VisualAid devices within the context of zib VisualFunction.

Note: because of the way derivation works in FHIR, this profile is not based on the [nl-core-MedicalDevice](http://nictiz.nl/fhir/StructureDefinition/nl-core-MedicalDevice) profile but derived from a specialization in the zib layer.","","","","","","","","",,,,,"",,,,"DeviceUseStatement",0,*,"","dom-2:If the resource is contained in another resource, it SHALL NOT contain nested Resources {contained.contained.empty()}
dom-3:If the resource is contained in another resource, it SHALL be referred to from elsewhere in the resource or SHALL refer to the containing resource {contained.where((('#'+id in (%resource.descendants().reference | %resource.descendants().as(canonical) | %resource.descendants().as(uri) | %resource.descendants().as(url))) or descendants().where(reference = '#').exists() or descendants().where(as(canonical) = '#').exists() or descendants().where(as(canonical) = '#').exists()).not()).trace('unmatched', id).empty()}dom-4:If a resource is contained in another resource, it SHALL NOT have a meta.versionId or a meta.lastUpdated {contained.meta.versionId.empty() and contained.meta.lastUpdated.empty()}dom-5:If a resource is contained in another resource, it SHALL NOT have a security label {contained.meta.security.empty()}dom-6:A resource should have narrative for robust management {text.`div`.exists()}","NL-CM:10.1.1","Event","DeviceUsePerformanceOccurrence","Entity. Role, or Act"
"DeviceUseStatement.id","DeviceUseStatement.id","","","",0,1,"","","Y","id {[]} {[]}
","Logical id of this artifact","The logical id of the resource, as used in the URL for the resource. Once assigned, this value never changes.","The only time that a resource does not have an id is when it is being submitted to the server using a create operation.","","","","","","","","",,,,,"",,,,"Resource.id",0,1,"",""
"DeviceUseStatement.meta","DeviceUseStatement.meta","","","",0,1,"","","Y","Meta {[]} {[]}
","Metadata about the resource","The metadata about the resource. This is content that is maintained by the infrastructure. Changes to the content might not always be associated with version changes to the resource.","","","","","","","","","",,,,,"",,,,"Resource.meta",0,1,"","ele-1:All FHIR elements must have a @value or children {hasValue() or (children().count() > id.count())}
"
"DeviceUseStatement.implicitRules","DeviceUseStatement.implicitRules","","","",0,1,"","Y","Y","uri {[]} {[]}
","A set of rules under which this content was created","A reference to a set of rules that were followed when the resource was constructed, and which must be understood when processing the content. Often, this is a reference to an implementation guide that defines the special rules along with other profiles etc.","Asserting this rule set restricts the content to be only understood by a limited set of trading partners. This inherently limits the usefulness of the data in the long term. However, the existing health eco-system is highly fractured, and not yet ready to define, collect, and exchange data in a generally computable sense. Wherever possible, implementers and/or specification writers should avoid using this element. Often, when used, the URL is a reference to an implementation guide that defines these special rules as part of it's narrative along with other profiles, value sets, etc.","","","","","","","","",,,,,"",,,,"Resource.implicitRules",0,1,"","ele-1:All FHIR elements must have a @value or children {hasValue() or (children().count() > id.count())}
"
"DeviceUseStatement.language","DeviceUseStatement.language","","","",0,1,"","","","code {[]} {[]}
","Language of the resource content","The base language in which the resource is written.","Language is provided to support indexing and accessibility (typically, services such as text to speech use the language tag). The html language tag in the narrative applies  to the narrative. The language tag on the resource may be used to specify the language of other presentations generated from the data in the resource. Not all the content has to be in the base language. The Resource.language should not be assumed to apply to the narrative automatically. If a language is specified, it should it also be specified on the div element in the html (see rules in HTML5 for information about the relationship between xml:lang and the html lang attribute).","","","","","","","","",,"preferred","A human language.","http://hl7.org/fhir/ValueSet/languages","",,,,"Resource.language",0,1,"","ele-1:All FHIR elements must have a @value or children {hasValue() or (children().count() > id.count())}
"
"DeviceUseStatement.text","DeviceUseStatement.text","","narrative
htmlxhtmldisplay","",0,1,"","","","Narrative {[]} {[]}
","Text summary of the resource, for human interpretation","A human-readable narrative that contains a summary of the resource and can be used to represent the content of the resource to a human. The narrative need not encode all the structured data, but is required to contain sufficient detail to make it ""clinically safe"" for a human to just read the narrative. Resource definitions may define what content should be represented in the narrative to ensure clinical safety.","Contained resources do not have narrative. Resources that are not contained SHOULD have a narrative. In some cases, a resource may only have text with little or no additional discrete data (as long as all minOccurs=1 elements are satisfied).  This may be necessary for data from legacy systems where information is captured as a ""text blob"" or where text is additionally entered raw or narrated and encoded information is added later.","","","","","","","","",,,,,"",,,,"DomainResource.text",0,1,"","ele-1:All FHIR elements must have a @value or children {hasValue() or (children().count() > id.count())}
","Act.text?"
"DeviceUseStatement.contained","DeviceUseStatement.contained","","inline resources
anonymous resourcescontained resources","",0,*,"","","","Resource {[]} {[]}
","Contained, inline Resources","These resources do not have an independent existence apart from the resource that contains them - they cannot be identified independently, and nor can they have their own independent transaction scope.","This should never be done when the content can be identified properly, as once identification is lost, it is extremely difficult (and context dependent) to restore it again. Contained resources may have profiles and tags In their meta elements, but SHALL NOT have security labels.","","","","","","","","",,,,,"",,,,"DomainResource.contained",0,*,"","","N/A"
"DeviceUseStatement.extension","DeviceUseStatement.extension","","","",0,*,"","","","Extension {[]} {[]}
","Extension","An Extension","","","","","","","","","",,,,,"","value:url}
","",,"open","DomainResource.extension",0,*,"","ele-1:All FHIR elements must have a @value or children {hasValue() or (children().count() > id.count())}
ext-1:Must have either extensions or value[x], not both {extension.exists() != value.exists()}"
"DeviceUseStatement.extension:healthProfessional","DeviceUseStatement.extension","healthProfessional","","",0,1,"","","","Extension {[CanonicalType[http://nictiz.nl/fhir/StructureDefinition/ext-MedicalDevice.HealthProfessional]]} {[]}
","Extension","An Extension","","","","","","","","","",,,,,"",,,,"DomainResource.extension",0,*,"ele-1
","ele-1:All FHIR elements must have a @value or children {hasValue() or (children().count() > id.count())}
ext-1:Must have either extensions or value[x], not both {extension.exists() != value.exists()}"
"DeviceUseStatement.extension:healthProfessional.id","DeviceUseStatement.extension.id","","","",0,1,"","","","string {[]} {[]}
","Unique id for inter-element referencing","Unique id for the element within a resource (for internal references). This may be any string value that does not contain spaces.","","","","","","","","","",,,,,"",,,,"Element.id",0,1,"","","n/a"
"DeviceUseStatement.extension:healthProfessional.extension","DeviceUseStatement.extension.extension","","extensions
user content","",0,*,"","","","Extension {[]} {[]}
","Additional content defined by implementations","May be used to represent additional information that is not part of the basic definition of the element. To make the use of extensions safe and manageable, there is a strict set of governance  applied to the definition and use of extensions. Though any implementer can define an extension, there is a set of requirements that SHALL be met as part of the definition of the extension.","There can be no stigma associated with the use of extensions by any application, project, or standard - regardless of the institution or jurisdiction that uses or defines the extensions.  The use of extensions is what allows the FHIR specification to retain a core level of simplicity for everyone.","","","","","","","","",,,,,"","value:url}
","Extensions are always sliced by (at least) url",,"open","Element.extension",0,*,"","ele-1:All FHIR elements must have a @value or children {hasValue() or (children().count() > id.count())}
ext-1:Must have either extensions or value[x], not both {extension.exists() != value.exists()}","n/a"
"DeviceUseStatement.extension:healthProfessional.url","DeviceUseStatement.extension.url","","","",1,1,"","","","uri {[]} {[]}
","identifies the meaning of the extension","Source of the definition for the extension code - a logical name or a URL.","The definition may point directly to a computable or human-readable definition of the extensibility codes, or it may be a logical URI as declared in some other specification. The definition SHALL be a URI for the Structure Definition defining the extension.","","","","<valueUri xmlns=""http://hl7.org/fhir"" value=""http://nictiz.nl/fhir/StructureDefinition/ext-MedicalDevice.HealthProfessional""/>","","","","",,,,,"",,,,"Extension.url",1,1,"","","N/A"
"DeviceUseStatement.extension:healthProfessional.value[x]","DeviceUseStatement.extension.value[x]","","Zorgverlener
","",0,1,"","","","Reference {[CanonicalType[http://nictiz.nl/fhir/StructureDefinition/pattern-NlCoreHealthProfessionalReference]]} {[CanonicalType[http://nictiz.nl/fhir/StructureDefinition/nl-core-HealthProfessional-PractitionerRole]]}
","HealthProfessional","The health professional involved in the indication for use of the medical device implant.","","","","","","","","","",,,,,"",,,,"Extension.value[x]",0,1,"","ele-1:All FHIR elements must have a @value or children {hasValue() or (children().count() > id.count())}
","NL-CM:10.1.9","N/A"
"DeviceUseStatement.extension:location","DeviceUseStatement.extension","location","","",0,1,"","","","Extension {[CanonicalType[http://nictiz.nl/fhir/StructureDefinition/ext-MedicalDevice.Location]]} {[]}
","Extension","An Extension","","","","","","","","","",,,,,"",,,,"DomainResource.extension",0,*,"ele-1
","ele-1:All FHIR elements must have a @value or children {hasValue() or (children().count() > id.count())}
ext-1:Must have either extensions or value[x], not both {extension.exists() != value.exists()}"
"DeviceUseStatement.extension:location.id","DeviceUseStatement.extension.id","","","",0,1,"","","","string {[]} {[]}
","Unique id for inter-element referencing","Unique id for the element within a resource (for internal references). This may be any string value that does not contain spaces.","","","","","","","","","",,,,,"",,,,"Element.id",0,1,"","","n/a"
"DeviceUseStatement.extension:location.extension","DeviceUseStatement.extension.extension","","extensions
user content","",0,*,"","","","Extension {[]} {[]}
","Additional content defined by implementations","May be used to represent additional information that is not part of the basic definition of the element. To make the use of extensions safe and manageable, there is a strict set of governance  applied to the definition and use of extensions. Though any implementer can define an extension, there is a set of requirements that SHALL be met as part of the definition of the extension.","There can be no stigma associated with the use of extensions by any application, project, or standard - regardless of the institution or jurisdiction that uses or defines the extensions.  The use of extensions is what allows the FHIR specification to retain a core level of simplicity for everyone.","","","","","","","","",,,,,"","value:url}
","Extensions are always sliced by (at least) url",,"open","Element.extension",0,*,"","ele-1:All FHIR elements must have a @value or children {hasValue() or (children().count() > id.count())}
ext-1:Must have either extensions or value[x], not both {extension.exists() != value.exists()}","n/a"
"DeviceUseStatement.extension:location.url","DeviceUseStatement.extension.url","","","",1,1,"","","","uri {[]} {[]}
","identifies the meaning of the extension","Source of the definition for the extension code - a logical name or a URL.","The definition may point directly to a computable or human-readable definition of the extensibility codes, or it may be a logical URI as declared in some other specification. The definition SHALL be a URI for the Structure Definition defining the extension.","","","","<valueUri xmlns=""http://hl7.org/fhir"" value=""http://nictiz.nl/fhir/StructureDefinition/ext-MedicalDevice.Location""/>","","","","",,,,,"",,,,"Extension.url",1,1,"","","N/A"
"DeviceUseStatement.extension:location.value[x]","DeviceUseStatement.extension.value[x]","","Locatie
","",0,1,"","","","Reference {[]} {[CanonicalType[http://nictiz.nl/fhir/StructureDefinition/nl-core-HealthcareProvider]]}
","Location","The healthcare provider at which use of the medical device was initiated or where the aid was implanted.","","","","","","","","","",,,,,"",,,,"Extension.value[x]",0,1,"","ele-1:All FHIR elements must have a @value or children {hasValue() or (children().count() > id.count())}
","NL-CM:10.1.8","N/A"
"DeviceUseStatement.modifierExtension","DeviceUseStatement.modifierExtension","","extensions
user content","",0,*,"","Y","","Extension {[]} {[]}
","Extensions that cannot be ignored","May be used to represent additional information that is not part of the basic definition of the resource and that modifies the understanding of the element that contains it and/or the understanding of the containing element's descendants. Usually modifier elements provide negation or qualification. To make the use of extensions safe and manageable, there is a strict set of governance applied to the definition and use of extensions. Though any implementer is allowed to define an extension, there is a set of requirements that SHALL be met as part of the definition of the extension. Applications processing a resource are required to check for modifier extensions.

Modifier extensions SHALL NOT change the meaning of any elements on Resource or DomainResource (including cannot change the meaning of modifierExtension itself).","There can be no stigma associated with the use of extensions by any application, project, or standard - regardless of the institution or jurisdiction that uses or defines the extensions.  The use of extensions is what allows the FHIR specification to retain a core level of simplicity for everyone.","Modifier extensions allow for extensions that *cannot* be safely ignored to be clearly distinguished from the vast majority of extensions which can be safely ignored.  This promotes interoperability by eliminating the need for implementers to prohibit the presence of extensions. For further information, see the [definition of modifier extensions](http://hl7.org/fhir/R4/extensibility.html#modifierExtension).","","","","","","","",,,,,"",,,,"DomainResource.modifierExtension",0,*,"","ele-1:All FHIR elements must have a @value or children {hasValue() or (children().count() > id.count())}
ext-1:Must have either extensions or value[x], not both {extension.exists() != value.exists()}","N/A"
"DeviceUseStatement.identifier","DeviceUseStatement.identifier","","","",0,*,"","","Y","Identifier {[]} {[]}
","External identifier for this record","An external identifier for this statement such as an IRI.","","","","","","","","","",,,,,"",,,,"DeviceUseStatement.identifier",0,*,"","ele-1:All FHIR elements must have a @value or children {hasValue() or (children().count() > id.count())}
","Event.identifier","ClinicalStatement.identifier","FiveWs.identifier"
"DeviceUseStatement.basedOn","DeviceUseStatement.basedOn","","fulfills
","",0,*,"","","Y","Reference {[]} {[CanonicalType[http://hl7.org/fhir/StructureDefinition/ServiceRequest]]}
","Fulfills plan, proposal or order","A plan, proposal or order that is fulfilled in whole or in part by this DeviceUseStatement.","","Allows tracing of authorization for the DeviceUseStatement and tracking whether proposals/recommendations were acted upon.","","","","","","","",,,,,"",,,,"DeviceUseStatement.basedOn",0,*,"","ele-1:All FHIR elements must have a @value or children {hasValue() or (children().count() > id.count())}
","Event.basedOn","ORC in proximity to EVN segment",".outboundRelationship[typeCode=FLFS].target"
"DeviceUseStatement.status","DeviceUseStatement.status","","","",1,1,"","Y","Y","code {[]} {[]}
","active | completed | entered-in-error +","A code representing the patient or other source's judgment about the state of the device used that this statement is about.  Generally this will be active or completed.","This element is implictly mapped to the zib concepts NL-CM:10.1.11 (StartDate) and NL-CM:10.1.14 (EndDate). Unless the status is explicitly recorded, the following guidance applies:

* When StartDate is in the future, `.status` will usually be set to _intended_.
* When StartDate is in the past and EndDate has a value and in the future or EndDate has no value, `.status` will usually be set to _active_.
* When EndDate has a value and is in the past, `.status` will usually be set to _completed_.","","","","","","","","",,"required","A coded concept indicating the current status of the Device Usage.","http://hl7.org/fhir/ValueSet/device-statement-status|4.0.1","",,,,"DeviceUseStatement.status",1,1,"","ele-1:All FHIR elements must have a @value or children {hasValue() or (children().count() > id.count())}
","NL-CM:10.1.11","NL-CM:10.1.14","Event.status","…status","FiveWs.status",".statusCode"
"DeviceUseStatement.subject","DeviceUseStatement.subject","","","",1,1,"","","Y","Reference {[]} {[CanonicalType[http://hl7.org/fhir/StructureDefinition/Patient], CanonicalType[http://hl7.org/fhir/StructureDefinition/Group], CanonicalType[http://nictiz.nl/fhir/StructureDefinition/nl-core-Patient]]}
","Patient using device","The patient who used the device.","","","","","","","","","",,,,,"",,,,"DeviceUseStatement.subject",1,1,"","ele-1:All FHIR elements must have a @value or children {hasValue() or (children().count() > id.count())}
","Event.subject","ClinicalStatement.subject","FiveWs.subject[x]","FiveWs.subject"
"DeviceUseStatement.derivedFrom","DeviceUseStatement.derivedFrom","","","",0,*,"","","Y","Reference {[]} {[CanonicalType[http://hl7.org/fhir/StructureDefinition/ServiceRequest], CanonicalType[http://hl7.org/fhir/StructureDefinition/Procedure], CanonicalType[http://hl7.org/fhir/StructureDefinition/Claim], CanonicalType[http://hl7.org/fhir/StructureDefinition/Observation], CanonicalType[http://hl7.org/fhir/StructureDefinition/QuestionnaireResponse], CanonicalType[http://hl7.org/fhir/StructureDefinition/DocumentReference]]}
","Supporting information","Allows linking the DeviceUseStatement to the underlying Request, or to other information that supports or is used to derive the DeviceUseStatement.","The most common use cases for deriving a DeviceUseStatement comes from creating it from a request or from an observation or a claim. it should be noted that the amount of information that is available varies from the type resource that you derive the DeviceUseStatement from.","","","","","","","","",,,,,"","profile:resolve()}
","",,"open","DeviceUseStatement.derivedFrom",0,*,"","ele-1:All FHIR elements must have a @value or children {hasValue() or (children().count() > id.count())}
"
"DeviceUseStatement.derivedFrom:procedure-request","DeviceUseStatement.derivedFrom","procedure-request","Verrichting
","",0,*,"","","Y","Reference {[]} {[CanonicalType[http://nictiz.nl/fhir/StructureDefinition/nl-core-Procedure-request]]}
","Procedure","The procedure which has the purpose of placing this product in or on the body.","* Note 1: on a functional level, zib Procedure references zib MedicalDevice, but in FHIR this direction is reversed.
* Note 2: zib Procedure can represent a requested or (to be) performed procedure. This slice represents requested procedures, while slice `procedure-event` represents performed procedures.","","","","","","","","",,,,,"",,,,"DeviceUseStatement.derivedFrom",0,*,"","ele-1:All FHIR elements must have a @value or children {hasValue() or (children().count() > id.count())}
","NL-CM:14.1.7"
"DeviceUseStatement.derivedFrom:procedure-event","DeviceUseStatement.derivedFrom","procedure-event","Verrichting
","",0,*,"","","Y","Reference {[]} {[CanonicalType[http://nictiz.nl/fhir/StructureDefinition/nl-core-Procedure-event]]}
","Procedure","The procedure which has the purpose of placing this product in or on the body.","* Note 1: on a functional level, zib Procedure references zib MedicalDevice, but in FHIR this direction is reversed.
* Note 2: zib Procedure can represent a requested or (to be) performed procedure. This slice represents performed procedures, while slice `procedure-request` represents requested procedures.","","","","","","","","",,,,,"",,,,"DeviceUseStatement.derivedFrom",0,*,"","ele-1:All FHIR elements must have a @value or children {hasValue() or (children().count() > id.count())}
","NL-CM:14.1.7"
"DeviceUseStatement.timing[x]","DeviceUseStatement.timing[x]","","","",0,1,"","","Y","Timing {[]} {[]}
Period {[]} {[]}dateTime {[]} {[]}","How often  the device was used","How often the device was used.","","","","","","","","","",,,,,"","type:$this}
","",,"open","DeviceUseStatement.timing[x]",0,1,"","ele-1:All FHIR elements must have a @value or children {hasValue() or (children().count() > id.count())}
","Event.occurrence[x]","DeviceUse.applicationSchedule","FiveWs.done[x]"
"DeviceUseStatement.timing[x]:timingPeriod","DeviceUseStatement.timing[x]","timingPeriod","","",0,1,"","","Y","Period {[]} {[]}
","How often  the device was used","How often the device was used.","","","","","","","","","",,,,,"",,,,"DeviceUseStatement.timing[x]",0,1,"","ele-1:All FHIR elements must have a @value or children {hasValue() or (children().count() > id.count())}
","Event.occurrence[x]","DeviceUse.applicationSchedule","FiveWs.done[x]"
"DeviceUseStatement.timing[x]:timingPeriod.id","DeviceUseStatement.timing[x].id","","","",0,1,"","","","string {[]} {[]}
","Unique id for inter-element referencing","Unique id for the element within a resource (for internal references). This may be any string value that does not contain spaces.","","","","","","","","","",,,,,"",,,,"Element.id",0,1,"","","n/a"
"DeviceUseStatement.timing[x]:timingPeriod.extension","DeviceUseStatement.timing[x].extension","","extensions
user content","",0,*,"","","","Extension {[]} {[]}
","Additional content defined by implementations","May be used to represent additional information that is not part of the basic definition of the element. To make the use of extensions safe and manageable, there is a strict set of governance  applied to the definition and use of extensions. Though any implementer can define an extension, there is a set of requirements that SHALL be met as part of the definition of the extension.","There can be no stigma associated with the use of extensions by any application, project, or standard - regardless of the institution or jurisdiction that uses or defines the extensions.  The use of extensions is what allows the FHIR specification to retain a core level of simplicity for everyone.","","","","","","","","",,,,,"","value:url}
","Extensions are always sliced by (at least) url",,"open","Element.extension",0,*,"","ele-1:All FHIR elements must have a @value or children {hasValue() or (children().count() > id.count())}
ext-1:Must have either extensions or value[x], not both {extension.exists() != value.exists()}","n/a"
"DeviceUseStatement.timing[x]:timingPeriod.start","DeviceUseStatement.timing[x].start","","BeginDatum
","",0,1,"","","Y","dateTime {[]} {[]}
","StartDate","The start date of the first use or implant of the medical device. A ‘vague’ date, such as only the year, is permitted.","If the low element is missing, the meaning is that the low boundary is not known.","","","","","","","","",,,,,"",,,,"Period.start",0,1,"per-1
","ele-1:All FHIR elements must have a @value or children {hasValue() or (children().count() > id.count())}
","NL-CM:10.1.11","DR.1","./low"
"DeviceUseStatement.timing[x]:timingPeriod.end","DeviceUseStatement.timing[x].end","","EindDatum
","",0,1,"","","Y","dateTime {[]} {[]}
","EndDate","The end date of the last use or explant of the medical device. A ‘vague’ date, such as only the year, is permitted.","The high value includes any matching date/time. i.e. 2012-02-03T10:00:00 is in a period that has an end value of 2012-02-03.","","","If the end of the period is missing, it means that the period is ongoing","","","","","",,,,,"",,,,"Period.end",0,1,"per-1
","ele-1:All FHIR elements must have a @value or children {hasValue() or (children().count() > id.count())}
","NL-CM:10.1.14","DR.2","./high"
"DeviceUseStatement.recordedOn","DeviceUseStatement.recordedOn","","","",0,1,"","","Y","dateTime {[]} {[]}
","When statement was recorded","The time at which the statement was made/recorded.","","","","","","","","","",,,,,"",,,,"DeviceUseStatement.recordedOn",0,1,"","ele-1:All FHIR elements must have a @value or children {hasValue() or (children().count() > id.count())}
","ClinicalStatement.statementDateTime","FiveWs.recorded"
"DeviceUseStatement.source","DeviceUseStatement.source","","","",0,1,"","","Y","Reference {[]} {[CanonicalType[http://hl7.org/fhir/StructureDefinition/Patient], CanonicalType[http://hl7.org/fhir/StructureDefinition/Practitioner], CanonicalType[http://hl7.org/fhir/StructureDefinition/PractitionerRole], CanonicalType[http://hl7.org/fhir/StructureDefinition/RelatedPerson]]}
","Who made the statement","Who reported the device was being used by the patient.","","","","","","","","","",,,,,"",,,,"DeviceUseStatement.source",0,1,"","ele-1:All FHIR elements must have a @value or children {hasValue() or (children().count() > id.count())}
","Event.performer.actor","FiveWs.actor"
"DeviceUseStatement.device","DeviceUseStatement.device","","","",1,1,"","","Y","Reference {[]} {[CanonicalType[http://hl7.org/fhir/StructureDefinition/Device], CanonicalType[http://nictiz.nl/fhir/StructureDefinition/nl-core-VisualFunction.VisualAid.Product]]}
","Reference to device used","The details of the device used.","","","","","","","","","",,,,,"",,,,"DeviceUseStatement.device",1,1,"","ele-1:All FHIR elements must have a @value or children {hasValue() or (children().count() > id.count())}
","DeviceUse.device","FiveWs.actor"
"DeviceUseStatement.reasonCode","DeviceUseStatement.reasonCode","","","",0,*,"","","Y","CodeableConcept {[]} {[]}
","Why device was used","Reason or justification for the use of the device.","","","","","","","","","",,,,,"",,,,"DeviceUseStatement.reasonCode",0,*,"","ele-1:All FHIR elements must have a @value or children {hasValue() or (children().count() > id.count())}
","Event.reasonCode","Action.indication.reason","FiveWs.why[x]"
"DeviceUseStatement.reasonReference","DeviceUseStatement.reasonReference","","","",0,*,"","","Y","Reference {[]} {[CanonicalType[http://hl7.org/fhir/StructureDefinition/Condition], CanonicalType[http://hl7.org/fhir/StructureDefinition/Observation], CanonicalType[http://hl7.org/fhir/StructureDefinition/DiagnosticReport], CanonicalType[http://hl7.org/fhir/StructureDefinition/DocumentReference], CanonicalType[http://hl7.org/fhir/StructureDefinition/Media]]}
","Why was DeviceUseStatement performed?","Indicates another resource whose existence justifies this DeviceUseStatement.","","","","","","","","","",,,,,"","profile:resolve()}
","",,"open","DeviceUseStatement.reasonReference",0,*,"","ele-1:All FHIR elements must have a @value or children {hasValue() or (children().count() > id.count())}
","Event.reasonReference","FiveWs.why[x]","EVN.4 or by domain",".outboundRelationship[typeCode=RSON].target"
"DeviceUseStatement.reasonReference:indication","DeviceUseStatement.reasonReference","indication","Indicatie
","",0,*,"","","Y","Reference {[]} {[CanonicalType[http://nictiz.nl/fhir/StructureDefinition/nl-core-Problem]]}
","Indication","The medical reason for use of the medical device.","","","","","","","","","",,,,,"",,,,"DeviceUseStatement.reasonReference",0,*,"","ele-1:All FHIR elements must have a @value or children {hasValue() or (children().count() > id.count())}
","NL-CM:10.1.7","Event.reasonReference","FiveWs.why[x]","EVN.4 or by domain",".outboundRelationship[typeCode=RSON].target"
"DeviceUseStatement.reasonReference:bowelFunction","DeviceUseStatement.reasonReference","bowelFunction","Darmfunctie
","",0,0,"","","Y","Reference {[]} {[CanonicalType[http://nictiz.nl/fhir/StructureDefinition/zib-BowelFunction]]}
","BowelFunction","Indicates another resource whose existence justifies this DeviceUseStatement.","Please note that on a functional level, zib BowelFunction references zib MedicalDevice, but in FHIR this direction is reversed.","","","","","","","","",,,,,"",,,,"DeviceUseStatement.reasonReference",0,*,"","ele-1:All FHIR elements must have a @value or children {hasValue() or (children().count() > id.count())}
","NL-CM:4.15.6","Event.reasonReference","FiveWs.why[x]","EVN.4 or by domain",".outboundRelationship[typeCode=RSON].target"
"DeviceUseStatement.reasonReference:functionalOrMentalStatus","DeviceUseStatement.reasonReference","functionalOrMentalStatus","FunctioneleOfMentaleStatus
","",0,0,"","","Y","Reference {[]} {[CanonicalType[http://nictiz.nl/fhir/StructureDefinition/zib-FunctionalOrMentalStatus]]}
","FunctionalOrMentalStatus","Indicates another resource whose existence justifies this DeviceUseStatement.","Please note that on a functional level, zib FunctionalOrMentalStatus references zib MedicalDevice, but in FHIR this direction is reversed.","","","","","","","","",,,,,"",,,,"DeviceUseStatement.reasonReference",0,*,"","ele-1:All FHIR elements must have a @value or children {hasValue() or (children().count() > id.count())}
","NL-CM:4.26.5","Event.reasonReference","FiveWs.why[x]","EVN.4 or by domain",".outboundRelationship[typeCode=RSON].target"
"DeviceUseStatement.reasonReference:mobility","DeviceUseStatement.reasonReference","mobility","Mobiliteit
","",0,0,"","","Y","Reference {[]} {[CanonicalType[http://nictiz.nl/fhir/StructureDefinition/zib-Mobility]]}
","Mobility","Indicates another resource whose existence justifies this DeviceUseStatement.","Please note that on a functional level, zib Mobility references zib MedicalDevice, but in FHIR this direction is reversed.","","","","","","","","",,,,,"",,,,"DeviceUseStatement.reasonReference",0,*,"","ele-1:All FHIR elements must have a @value or children {hasValue() or (children().count() > id.count())}
","NL-CM:4.3.4","Event.reasonReference","FiveWs.why[x]","EVN.4 or by domain",".outboundRelationship[typeCode=RSON].target"
"DeviceUseStatement.reasonReference:stoma","DeviceUseStatement.reasonReference","stoma","Stoma
","",0,0,"","","Y","Reference {[]} {[CanonicalType[http://nictiz.nl/fhir/StructureDefinition/zib-Stoma]]}
","Stoma","Indicates another resource whose existence justifies this DeviceUseStatement.","Please note that on a functional level, zib Stoma references zib MedicalDevice, but in FHIR this direction is reversed.","","","","","","","","",,,,,"",,,,"DeviceUseStatement.reasonReference",0,*,"","ele-1:All FHIR elements must have a @value or children {hasValue() or (children().count() > id.count())}
","NL-CM:5.2.3","Event.reasonReference","FiveWs.why[x]","EVN.4 or by domain",".outboundRelationship[typeCode=RSON].target"
"DeviceUseStatement.reasonReference:visualFunction","DeviceUseStatement.reasonReference","visualFunction","FunctieZien
","",0,*,"","","Y","Reference {[]} {[CanonicalType[http://nictiz.nl/fhir/StructureDefinition/nl-core-VisualFunction]]}
","VisualFunction","Indicates another resource whose existence justifies this DeviceUseStatement.","Please note that on a functional level, zib VisualFunction references zib MedicalDevice, but in FHIR this direction is reversed.","","","","","","","","",,,,,"",,,,"DeviceUseStatement.reasonReference",0,*,"","ele-1:All FHIR elements must have a @value or children {hasValue() or (children().count() > id.count())}
","NL-CM:4.16.4","Event.reasonReference","FiveWs.why[x]","EVN.4 or by domain",".outboundRelationship[typeCode=RSON].target"
"DeviceUseStatement.bodySite","DeviceUseStatement.bodySite","","Locatie
nl-core-AnatomicalLocationAnatomischeLocatie","",0,1,"","","","CodeableConcept {[CanonicalType[http://nictiz.nl/fhir/StructureDefinition/nl-core-AnatomicalLocation]]} {[]}
","Location","Localisation on/in the body.","Not all terminology uses fit this general pattern. In some cases, models should not use CodeableConcept and use Coding directly and provide their own structure for managing text, codings, translations and the relationship between elements and pre- and post-coordination.","Knowing where the device is targeted is important for tracking if multiple sites are possible. If more information than just a code is required, use the extension [http://hl7.org/fhir/StructureDefinition/bodySite](http://hl7.org/fhir/extension-bodysite.html).","","","","","","","",,"required","","http://decor.nictiz.nl/fhir/ValueSet/2.16.840.1.113883.2.4.3.11.60.121.11.11--20200901000000","",,,,"DeviceUseStatement.bodySite",0,1,"ele-1
","ele-1:All FHIR elements must have a @value or children {hasValue() or (children().count() > id.count())}
","CE/CNE/CWE","n/a","CD"
"DeviceUseStatement.note","DeviceUseStatement.note","","","",0,1,"","","","Annotation {[]} {[]}
","Addition details (comments, instructions)","Details about the device statement that were not represented at all or sufficiently in one of the attributes provided in a class. These may include for example a comment, an instruction, or a note associated with the statement.","","","","","","","","","",,,,,"",,,,"DeviceUseStatement.note",0,*,"","ele-1:All FHIR elements must have a @value or children {hasValue() or (children().count() > id.count())}
","Event.note","ClinicalStatement.additionalText"
"DeviceUseStatement.note.id","DeviceUseStatement.note.id","","","",0,1,"","","","string {[]} {[]}
","Unique id for inter-element referencing","Unique id for the element within a resource (for internal references). This may be any string value that does not contain spaces.","","","","","","","","","",,,,,"",,,,"Element.id",0,1,"","","n/a"
"DeviceUseStatement.note.extension","DeviceUseStatement.note.extension","","extensions
user content","",0,*,"","","","Extension {[]} {[]}
","Additional content defined by implementations","May be used to represent additional information that is not part of the basic definition of the element. To make the use of extensions safe and manageable, there is a strict set of governance  applied to the definition and use of extensions. Though any implementer can define an extension, there is a set of requirements that SHALL be met as part of the definition of the extension.","There can be no stigma associated with the use of extensions by any application, project, or standard - regardless of the institution or jurisdiction that uses or defines the extensions.  The use of extensions is what allows the FHIR specification to retain a core level of simplicity for everyone.","","","","","","","","",,,,,"","value:url}
","Extensions are always sliced by (at least) url",,"open","Element.extension",0,*,"","ele-1:All FHIR elements must have a @value or children {hasValue() or (children().count() > id.count())}
ext-1:Must have either extensions or value[x], not both {extension.exists() != value.exists()}","n/a"
"DeviceUseStatement.note.author[x]","DeviceUseStatement.note.author[x]","","","",0,1,"","","Y","Reference {[]} {[CanonicalType[http://hl7.org/fhir/StructureDefinition/Practitioner], CanonicalType[http://hl7.org/fhir/StructureDefinition/Patient], CanonicalType[http://hl7.org/fhir/StructureDefinition/RelatedPerson], CanonicalType[http://hl7.org/fhir/StructureDefinition/Organization]]}
string {[]} {[]}","Individual responsible for the annotation","The individual responsible for making the annotation.","Organization is used when there's no need for specific attribution as to who made the comment.","","","","","","","","",,,,,"",,,,"Annotation.author[x]",0,1,"","ele-1:All FHIR elements must have a @value or children {hasValue() or (children().count() > id.count())}
","N/A","Act.participant[typeCode=AUT].role"
"DeviceUseStatement.note.time","DeviceUseStatement.note.time","","","",0,1,"","","Y","dateTime {[]} {[]}
","When the annotation was made","Indicates when this particular annotation was made.","","","","","","","","","",,,,,"",,,,"Annotation.time",0,1,"","ele-1:All FHIR elements must have a @value or children {hasValue() or (children().count() > id.count())}
","N/A","Act.effectiveTime"
"DeviceUseStatement.note.text","DeviceUseStatement.note.text","","Toelichting
","",1,1,"","","Y","markdown {[]} {[]}
","Comment","Comment about use or information on the medical device used.","","","","","","","","","",,,,,"",,,,"Annotation.text",1,1,"","ele-1:All FHIR elements must have a @value or children {hasValue() or (children().count() > id.count())}
","NL-CM:10.1.10","N/A","Act.text"
